project_description,Pipe,PipeCCTV,RuralPipe,RuralEmerge,RuralDistribute,WWTPExpand,WWTPTech,WWTPWetland,Gen_PlantTrans,Gen_OrganicFert,Gen_ModernPlant,Intercept,InterceptReuse,InterceptTreat,RiverLeakage,RiverClean,RiverEngineering,RiverDredging,AlgaeStation,AlgaeMobile,MannualDredge,AlgaeInsitu,Sediment,Pipe_reason,PipeCCTV_reason,RuralPipe_reason,RuralEmerge_reason,RuralDistribute_reason,WWTPExpand_reason,WWTPTech_reason,WWTPWetland_reason,Gen_PlantTrans_reason,Gen_OrganicFert_reason,Gen_ModernPlant_reason,Intercept_reason,InterceptReuse_reason,InterceptTreat_reason,RiverLeakage_reason,RiverClean_reason,RiverEngineering_reason,RiverDredging_reason,AlgaeStation_reason,AlgaeMobile_reason,MannualDredge_reason,AlgaeInsitu_reason,Sediment_reason,reason,sum
(a) Phase 2 of the project for the enhancement of the gardening city of the central Yuxi; Yes. 2020 Year 11 Completion of phase II of the project on the enhancement of the park and forest city in central city by the month 622 m Land supply price 5.41 hundred million CNY's paid job. ; payment of land contributions has been completed on time and land transfers have been completed.,0,0,0,0,0,0,0,0,0,0,0,0,0,0,0,0,0,0,0,0,0,0,0,"```json
{""classification"":""No"",""reason"":""The funds referred to in the description were used to pay the price of land supply and complete land transfers, without reference to the construction of the Sewer network, pumping stations or the network.""}
```","```json
{""classification"":""No"",""reason"":""The description refers to the payment and allocation of land supply prices for garden city enhancement projects, without reference to the review of the power network, CCTV technology or GIS systems.""}
```","```json
{""classification"":""No"",""reason"":""The projects mentioned in the description are the horticultural expansion projects in central urban areas, involving the payment of the price of land supply and the allocation of land, without any reference to the construction of rural livelihood networks or the management of natural villages.""}
```",The projects mentioned in the description were urban gardening and forest enhancement projects involving payment of land supply prices and not related to rural sewage emergency measures.,"```json
{""classification"":""No"",""reason"":""The project mentioned in the description is an extension project for the park and forest city of the central Yuxi centre, which involves the payment of the price of land supply and the allocation of land, without reference to the decentralized treatment of sewage from rural communities.""}
```","```json
{""classification"":""No"",""reason"":""The project mentioned in the description was a project to enhance the horticultural city of Yuxi Centre, involving the payment of the price of the land supply and the allocation of land, without any reference to the extension or upgrading of the processing capacity.""}
```","```json
{""classification"":""No"",""reason"":""The funds referred to in the description were paid for the land supply price of the “Second phase of the project for the enhancement of the park and forest city in central urban areas”, not related to the rehabilitation measures of the waterwater zone.""}
```","The project mentioned in the description is an expansion project for the park and forest city of Yuxi Centre, involving payment of the price of the land supply, which is not directly related to the project for the cleaning of wetland tailwater in the measures, without reference to wetland construction or water quality upgrading.","```json
{""classification"":""No"",""reason"":""The description relates to land supply and payment for the construction of the horticultural expansion project in central urban areas, which is not directly related to the farming restructuring measures in the Qilu Lake basin.""}
```","```json
{""classification"":""No"",""reason"":""The description deals with the payment of land supply prices and land allocation for garden city enhancement projects, not related to the substitution of fertilizers for organic fertilizers and the green control demonstration.""}
```","The project referred to in the description is the second phase of the project “Project for the horticultural expansion of the central city of Yuxi”, which falls within the scope of urban gardening, while the measures relate to the application of agricultural technology and the construction of agricultural land, which are not directly related.","```json
{""classification"":""No"",""reason"":""The projects mentioned in the description are garden city enhancement projects involving payment of land supply prices and land transfers, with no reference to savings construction, gate management or blockage systems.""}
```","```json
{""classification"":""No"",""reason"":""The description refers to the “Second phase of the project for the expansion of the park and forest city in central urban areas” and to the payment of land contributions, and does not address any aspects related to the reuse of water, the construction of pumping stations or agricultural irrigation.""}
```","The description refers to the payment of the land supply price and land allocation for phase II of the landscaping project, which does not address the installation of mobile integrated treatment facilities or the safeguarding of their transport financing.","```json
{""classification"":""No"",""reason"":""The project mentioned in the description is a landscaping project involving the payment of land supply prices and land transfers, which is not directly related to the rehabilitation of river drains.""}
```","```json
{""classification"":""No"",""reason"":""The description refers to the payment of the price of the land supply and the allocation of land, not related to garbage removal, inspection, etc., in the course of river-water cleaning measures.""}
```","```json
{""classification"":""No"",""reason"":""The projects referred to in the description were garden city enhancement projects, involving payment of land supply prices and land allocation, without reference to the riverine shore works.""}
```","The projects referred to in the description are “horizon city enhancement works”, which involve the payment of land supply prices and land transfers, without reference to elements related to the silting of rivers, the vacating of reservoirs or the reduction of pollution loads.","```json
{""classification"":""No"",""reason"":""The funds mentioned in the description were used to pay the price of land supply and land transfers, not related to the operation of the algae-water security station and the annual transportation costs.""}
```","```json
{""classification"":""No"",""reason"":""The elements mentioned in the description are the payment of the price of the land supply and the allocation of land, which is not directly related to the operation of the emergency disposal equipment at caanobacteria.""}
```","```json
{""classification"":""No"",""reason"":""The funds mentioned in the description were used to pay the price of the land supply and to allocate land, not related to the manual clean-up of cyanobacteria in the measures, disposal of the lake bank garbage, etc.""}
```",The funds mentioned in the description were used to pay the land supply price for the “Second phase of the project for the expansion of the horticultural city of the central city” and were not directly related to the physical and biological management of the Qilu Lake in situ control of the flow of algae and scabies.,"```json
{""classification"":""No"",""reason"":""The funds mentioned in the description were used to pay the price of the land supply and to allocate land, and did not address bottom treatment of lakes or related governance measures.""}
```","```json
{""classification"":""No"",""reason"":""The funds referred to in the description were used to pay the price of land supply and complete land transfers, without reference to the construction of the Sewer network, pumping stations or the network.""}
```; ```json
{""classification"":""No"",""reason"":""The description refers to the payment and allocation of land supply prices for garden city enhancement projects, without reference to the review of the power network, CCTV technology or GIS systems.""}
```; ```json
{""classification"":""No"",""reason"":""The projects mentioned in the description are the horticultural expansion projects in central urban areas, involving the payment of the price of land supply and the allocation of land, without any reference to the construction of rural livelihood networks or the management of natural villages.""}
```; The projects mentioned in the description were urban gardening and forest enhancement projects involving payment of land supply prices and not related to rural sewage emergency measures.; ```json
{""classification"":""No"",""reason"":""The project mentioned in the description is an extension project for the park and forest city of the central Yuxi centre, which involves the payment of the price of land supply and the allocation of land, without reference to the decentralized treatment of sewage from rural communities.""}
```; ```json
{""classification"":""No"",""reason"":""The project mentioned in the description was a project to enhance the horticultural city of Yuxi Centre, involving the payment of the price of the land supply and the allocation of land, without any reference to the extension or upgrading of the processing capacity.""}
```; ```json
{""classification"":""No"",""reason"":""The funds referred to in the description were paid for the land supply price of the “Second phase of the project for the enhancement of the park and forest city in central urban areas”, not related to the rehabilitation measures of the waterwater zone.""}
```; The project mentioned in the description is an expansion project for the park and forest city of Yuxi Centre, involving payment of the price of the land supply, which is not directly related to the project for the cleaning of wetland tailwater in the measures, without reference to wetland construction or water quality upgrading.; ```json
{""classification"":""No"",""reason"":""The description relates to land supply and payment for the construction of the horticultural expansion project in central urban areas, which is not directly related to the farming restructuring measures in the Qilu Lake basin.""}
```; ```json
{""classification"":""No"",""reason"":""The description deals with the payment of land supply prices and land allocation for garden city enhancement projects, not related to the substitution of fertilizers for organic fertilizers and the green control demonstration.""}
```; The project referred to in the description is the second phase of the project “Project for the horticultural expansion of the central city of Yuxi”, which falls within the scope of urban gardening, while the measures relate to the application of agricultural technology and the construction of agricultural land, which are not directly related.; ```json
{""classification"":""No"",""reason"":""The projects mentioned in the description are garden city enhancement projects involving payment of land supply prices and land transfers, with no reference to savings construction, gate management or blockage systems.""}
```; ```json
{""classification"":""No"",""reason"":""The description refers to the “Second phase of the project for the expansion of the park and forest city in central urban areas” and to the payment of land contributions, and does not address any aspects related to the reuse of water, the construction of pumping stations or agricultural irrigation.""}
```; The description refers to the payment of the land supply price and land allocation for phase II of the landscaping project, which does not address the installation of mobile integrated treatment facilities or the safeguarding of their transport financing.; ```json
{""classification"":""No"",""reason"":""The project mentioned in the description is a landscaping project involving the payment of land supply prices and land transfers, which is not directly related to the rehabilitation of river drains.""}
```; ```json
{""classification"":""No"",""reason"":""The description refers to the payment of the price of the land supply and the allocation of land, not related to garbage removal, inspection, etc., in the course of river-water cleaning measures.""}
```; ```json
{""classification"":""No"",""reason"":""The projects referred to in the description were garden city enhancement projects, involving payment of land supply prices and land allocation, without reference to the riverine shore works.""}
```; The projects referred to in the description are “horizon city enhancement works”, which involve the payment of land supply prices and land transfers, without reference to elements related to the silting of rivers, the vacating of reservoirs or the reduction of pollution loads.; ```json
{""classification"":""No"",""reason"":""The funds mentioned in the description were used to pay the price of land supply and land transfers, not related to the operation of the algae-water security station and the annual transportation costs.""}
```; ```json
{""classification"":""No"",""reason"":""The elements mentioned in the description are the payment of the price of the land supply and the allocation of land, which is not directly related to the operation of the emergency disposal equipment at caanobacteria.""}
```; ```json
{""classification"":""No"",""reason"":""The funds mentioned in the description were used to pay the price of the land supply and to allocate land, not related to the manual clean-up of cyanobacteria in the measures, disposal of the lake bank garbage, etc.""}
```; The funds mentioned in the description were used to pay the land supply price for the “Second phase of the project for the expansion of the horticultural city of the central city” and were not directly related to the physical and biological management of the Qilu Lake in situ control of the flow of algae and scabies.; ```json
{""classification"":""No"",""reason"":""The funds mentioned in the description were used to pay the price of the land supply and to allocate land, and did not address bottom treatment of lakes or related governance measures.""}
```",0
"(b) Second instalment of the Central Agricultural Support Fund; 2022 - 2024 In accordance with the request of the State and provincial governments to accelerate construction of the high-standard Farmland, the overall objective is: First, province-wide 2022 High-standard farmland construction completed in year 480 ten thousand mu ； 2023 High-standard farmland construction completed in year 107 ten thousand mu ； 2024 High-standard farmland construction completed in year 107 Ten thousand mu, three years of cumulative construction of high-standard farmland 674 I'm sorry. Through the construction of the high-standard farmland project, a combination of fields, soil, water, roads, forests, electricity, technology and pipelines has been established, and efforts have been intensified in the areas of land levelling, soil improvement, irrigation and drainage, field roads, farm protection and ecological preservation, farm power distribution, scientific and technological services and post-care, with a view to effectively improving the capacity and quality of cropland and significantly improving farm infrastructure, irrigation conditions and land farming conditions.;all year completed 480 I'm sorry, I'm sorry. of which 2nd financial channel high-standard farmland construction mission completed 79 Ten thousand mu. 21 ten thousand mu .",0,0,0,0,0,0,0,0,0,0,1,0,0,0,0,0,0,0,0,0,0,0,0,"```json
{""classification"":""No"",""reason"":""The funds mentioned in the description were used for the construction of high-standard farmland and efficient water-saving irrigation, not related to the construction of a network of municipal sewage drainage in the context of the measures.""}
```","```json
{""classification"":""No"",""reason"":""The funds mentioned in the description were used for the construction of high-standard Farmland, including agricultural infrastructure such as land levelling, irrigation drainage, etc., and were not related to the renovation of the sewage and drainage network in the towns under the measure.""}
```","```json
{""classification"":""No"",""reason"":""The description refers to the construction of the high-standard Farmland, including irrigation drainage, field roads, etc., without any reference to the construction of a sewage network for rural households.""}
```","```json
{""classification"":""No"",""reason"":""The financial use mentioned in the description is for the construction of the high-standard Farmland, which covers agricultural infrastructure such as land levelling, irrigation and drainage, and is not directly related to the emergency treatment of sewage and water in rural areas.""}
```","```json
{""classification"":""No"",""reason"":""The funds mentioned in the description were used for the construction of the high-standard farmland, involving land levelling, soil improvement, irrigation and drainage, and did not mention the construction or related content of decentralized sewage treatment facilities in rural areas.""}
```","The description covers the construction of high-standard farmland, including irrigation drainage and efficient water-saving irrigation, but does not refer to the extension or upgrading of treatment capacity.","```json
{""classification"":""No"",""reason"":""The funds mentioned in the description were used for the construction of the high-standard farmland, including irrigation drainage, field roads, etc., and were not related to the renovation of the waterwater management plant.""}
```","```json
{""classification"":""No"",""reason"":""The funds mentioned in the description were used for the construction of the high-standard Farmland, including agricultural infrastructure such as land levelling, irrigation drainage, etc., but no reference was made to the construction of tailwater wetlands or related purification measures.""}
```","```json
{""classification"":""No"",""reason"":""The funds mentioned in the description were used for the construction of the high-standard farmland, focusing on infrastructure such as land levelling, soil improvement, irrigation and drainage, without reference to the promotion of environmentally friendly crops or the control of areas under traditional vegetable cultivation.""}
```","```json
{""classification"":""No"",""reason"":""The description does not refer to organic fertilizers as substitutes for fertilizers or to the Green Control Demonstration, but rather focuses on integrated packages and infrastructure improvements built in high-standard Farmland.""}
```","The description refers to “the completion of the construction task for the second financial channel high-standard farmland” 79 Ten thousand mu. 21 ten Thousand mu, and the ""Word of Perpetrators, 3-species"" of the measure 0.58 Ten thousand mu high-standard farmland, covering irrigation areas 2 Ten Thousand mu above are in the same direction and are covered by the construction of a high-standard farmland and the optimization of irrigation systems.","```json
{""classification"":""No"",""reason"":""The funds mentioned in the description were used for the construction of the high-standard farmland, including land levelling, irrigation drainage, field roads, etc., while measures related to the transfer of belts, gate management and blockage management systems were not directly related to specific construction content and management targets.""}
```","```json
{""classification"":""No"",""reason"":""The funds mentioned in the description were used for the construction of the high-standard farmland, including irrigation drainage and efficient water-saving irrigation, but no reference was made to re-use or treatment of water resources.""}
```","```json
{""classification"":""No"",""reason"":""The funds mentioned in the description were used for the construction of the high-standard farmland, which involved irrigation drainage, ecological conservation, etc., but did not mention the installation of mobile integrated treatment facilities or treatment of high COD entry points, which was not consistent with the measures.""}
```","```json
{""classification"":""No"",""reason"":""The funds mentioned in the description were used for the construction of the high-standard farmland, covering irrigation drainage, ecological conservation, etc., but did not mention river drains, remediation lists or trace sources of pollution.""}
```","```json
{""classification"":""No"",""reason"":""The funds referred to in the description were used for the construction of the high-standard Farmland, involving agricultural infrastructure such as land levelling, irrigation drainage, field roads and so forth, not related to river-couping measures.""}
```","```json
{""classification"":""No"",""reason"":""The description refers to “high-standard farmland construction” involving irrigation drainage, etc., but it does not explicitly mention specific projects for river-coast projects such as wall repair, river dyke height or tailing collection pipes, and the direct link between the use of the funds and the measures is unclear.""}
```","The financial resources mentioned in the description were for the construction of the high-standard Farmland, including irrigation drainage, field roads, agricultural land protection, etc., and did not mention anything related to the siltation of the river or the maintenance of the belts.","```json
{""classification"":""No"",""reason"":""The description refers to construction funds for agricultural infrastructure such as land levelling, irrigation drainage, etc., and does not mention transport-related content at water-quality upgrading or algae-water security stations.""}
```","```json
{""classification"":""No"",""reason"":""The funds mentioned in the description were used for the construction of the high-standard Farmland, including land levelling, irrigation drainage, field roads, etc., and were not directly related to the operation of mobile algae-water security equipment and emergency disposal of the caanobacteria.""}
```","```json
{""classification"":""No"",""reason"":""The funds involved in the description were used for the construction of the high-standard Farmland, including agricultural infrastructure such as land levelling, irrigation and drainage, independently of manual clean-up of water body pollution.""}
```","```json
{""classification"":""No"",""reason"":""The described funds were used for the construction of the high-standard Farmland, involving agricultural infrastructure and irrigation, while measures aimed at lake-controlled algae and aquatic ecological improvement were not consistent with the objectives.""}
```","```json
{""classification"":""No"",""reason"":""The description does not refer to the treatment of bottom sediments in lakes, the management of internal sources of pollution or techniques for ecological restoration of water, but focuses on the construction of the high-standard Farmland and its accompanying measures.""}
```","```json
{""classification"":""No"",""reason"":""The funds mentioned in the description were used for the construction of high-standard farmland and efficient water-saving irrigation, not related to the construction of a network of municipal sewage drainage in the context of the measures.""}
```; ```json
{""classification"":""No"",""reason"":""The funds mentioned in the description were used for the construction of high-standard Farmland, including agricultural infrastructure such as land levelling, irrigation drainage, etc., and were not related to the renovation of the sewage and drainage network in the towns under the measure.""}
```; ```json
{""classification"":""No"",""reason"":""The description refers to the construction of the high-standard Farmland, including irrigation drainage, field roads, etc., without any reference to the construction of a sewage network for rural households.""}
```; ```json
{""classification"":""No"",""reason"":""The financial use mentioned in the description is for the construction of the high-standard Farmland, which covers agricultural infrastructure such as land levelling, irrigation and drainage, and is not directly related to the emergency treatment of sewage and water in rural areas.""}
```; ```json
{""classification"":""No"",""reason"":""The funds mentioned in the description were used for the construction of the high-standard farmland, involving land levelling, soil improvement, irrigation and drainage, and did not mention the construction or related content of decentralized sewage treatment facilities in rural areas.""}
```; The description covers the construction of high-standard farmland, including irrigation drainage and efficient water-saving irrigation, but does not refer to the extension or upgrading of treatment capacity.; ```json
{""classification"":""No"",""reason"":""The funds mentioned in the description were used for the construction of the high-standard farmland, including irrigation drainage, field roads, etc., and were not related to the renovation of the waterwater management plant.""}
```; ```json
{""classification"":""No"",""reason"":""The funds mentioned in the description were used for the construction of the high-standard Farmland, including agricultural infrastructure such as land levelling, irrigation drainage, etc., but no reference was made to the construction of tailwater wetlands or related purification measures.""}
```; ```json
{""classification"":""No"",""reason"":""The funds mentioned in the description were used for the construction of the high-standard farmland, focusing on infrastructure such as land levelling, soil improvement, irrigation and drainage, without reference to the promotion of environmentally friendly crops or the control of areas under traditional vegetable cultivation.""}
```; ```json
{""classification"":""No"",""reason"":""The description does not refer to organic fertilizers as substitutes for fertilizers or to the Green Control Demonstration, but rather focuses on integrated packages and infrastructure improvements built in high-standard Farmland.""}
```; The description refers to “the completion of the construction task for the second financial channel high-standard farmland” 79 Ten thousand mu. 21 ten Thousand mu, and the ""Word of Perpetrators, 3-species"" of the measure 0.58 Ten thousand mu high-standard farmland, covering irrigation areas 2 Ten Thousand mu above are in the same direction and are covered by the construction of a high-standard farmland and the optimization of irrigation systems.; ```json
{""classification"":""No"",""reason"":""The funds mentioned in the description were used for the construction of the high-standard farmland, including land levelling, irrigation drainage, field roads, etc., while measures related to the transfer of belts, gate management and blockage management systems were not directly related to specific construction content and management targets.""}
```; ```json
{""classification"":""No"",""reason"":""The funds mentioned in the description were used for the construction of the high-standard farmland, including irrigation drainage and efficient water-saving irrigation, but no reference was made to re-use or treatment of water resources.""}
```; ```json
{""classification"":""No"",""reason"":""The funds mentioned in the description were used for the construction of the high-standard farmland, which involved irrigation drainage, ecological conservation, etc., but did not mention the installation of mobile integrated treatment facilities or treatment of high COD entry points, which was not consistent with the measures.""}
```; ```json
{""classification"":""No"",""reason"":""The funds mentioned in the description were used for the construction of the high-standard farmland, covering irrigation drainage, ecological conservation, etc., but did not mention river drains, remediation lists or trace sources of pollution.""}
```; ```json
{""classification"":""No"",""reason"":""The funds referred to in the description were used for the construction of the high-standard Farmland, involving agricultural infrastructure such as land levelling, irrigation drainage, field roads and so forth, not related to river-couping measures.""}
```; ```json
{""classification"":""No"",""reason"":""The description refers to “high-standard farmland construction” involving irrigation drainage, etc., but it does not explicitly mention specific projects for river-coast projects such as wall repair, river dyke height or tailing collection pipes, and the direct link between the use of the funds and the measures is unclear.""}
```; The financial resources mentioned in the description were for the construction of the high-standard Farmland, including irrigation drainage, field roads, agricultural land protection, etc., and did not mention anything related to the siltation of the river or the maintenance of the belts.; ```json
{""classification"":""No"",""reason"":""The description refers to construction funds for agricultural infrastructure such as land levelling, irrigation drainage, etc., and does not mention transport-related content at water-quality upgrading or algae-water security stations.""}
```; ```json
{""classification"":""No"",""reason"":""The funds mentioned in the description were used for the construction of the high-standard Farmland, including land levelling, irrigation drainage, field roads, etc., and were not directly related to the operation of mobile algae-water security equipment and emergency disposal of the caanobacteria.""}
```; ```json
{""classification"":""No"",""reason"":""The funds involved in the description were used for the construction of the high-standard Farmland, including agricultural infrastructure such as land levelling, irrigation and drainage, independently of manual clean-up of water body pollution.""}
```; ```json
{""classification"":""No"",""reason"":""The described funds were used for the construction of the high-standard Farmland, involving agricultural infrastructure and irrigation, while measures aimed at lake-controlled algae and aquatic ecological improvement were not consistent with the objectives.""}
```; ```json
{""classification"":""No"",""reason"":""The description does not refer to the treatment of bottom sediments in lakes, the management of internal sources of pollution or techniques for ecological restoration of water, but focuses on the construction of the high-standard Farmland and its accompanying measures.""}
```",1
"Special funds for agricultural development; 2023 Total food production in the province stabilized in the year. 1815 More than tons; fertilization coverage of major crop-based soil formulations stabilized 90 Over % green control coverage is stable 35 More than % of fertilizer pesticides have sustained efficiency gains. Guaranteed supply of meat, eggs, milk and production of meat and milk throughout the province 470 More than a ton of fresh milk, feed regulation and scale farming have increased further. (c) To promote green development of aquaculture and strengthen healthy farming practices, integrated rice and fish farming practices and the Yangtze ban; 2023 Total annual production of aquatic products is stable. 63 Tonts of tons, regularized law enforcement management of the Yangtze ban has increased and law enforcement capacity has been effectively enhanced. The demonstration of green efficient production technologies has been widely promoted, with a marked increase in the level of greening of priority industries and a significant increase in greening of eight key sectors of green food brands. Supporting a number of radiation-intensive and dynamic leading enterprises to improve the province ' s industrialization of agriculture, with an annual increase in the value of agro-processing products throughout the province 8 % and above, annual increase in sales revenue from leading enterprises across the province 8 % Over. To guide farmers ' cooperatives in their normative development, to strengthen support for farmers ' cooperatives ' demonstration societies, and to promote model societies ' fourth tier. :: Full completion of rural economic management statistics, rural fixed observation surveys, and timely submission of relevant analysis and survey reports. Completion of the reform of the rural collective property system and promotion of the extension of two rounds of contracted land after expiry 30 Yearly pilot. New requirements for full, high-quality and efficient agro-machineization, with annual increases in total agro-machine power 20 The level of integrated agricultural mechanization of major crops has increased annually in thousands of kilowatts 1 With more than a percentage point, efforts have been made to upgrade our provincial agricultural machinery to provide a strong support for securing the supply of key agricultural products, such as food. By 1 Batchs/thousands of people requested to carry out monitoring of the quality of farming and farming products and to complete provincial monitoring tasks. Development of public service institutions to monitor the quality and safety of agricultural products in counties and villages, and of sub-district control posts. The construction and improvement of modern agricultural circulation systems in our province and the promotion of digital, informational and intellectual agricultural development. Present. 2023 Development of agro-digital agricultural demonstration bases throughout the province 40 individual, Benignon Information Society model 300 Individual, agricultural branding demonstration areas 105 Monitoring points for statistical information 50 Monitoring products for regulatory surveillance of agro-geo-modified biosafety 450 More than one. The invasion monitoring and control of alien species, such as the Vigilante, is effectively controlled and blocked to the west. Establishment of a province-wide waste membrane recycling network, establishment of a market-based operational mechanism, general stability of crop membrane coverage throughout the province, negative growth of waste membrane residues, effective control of waste membrane contamination on agricultural land and recovery rate of used membrane waste 80 %. Effectively strengthen conservation and management of agricultural quality resources. ; 2021 Year: province-wide food production 1930.3 Tons of tons, soil formula fertilization coverage 92 % green control coverage 38 %, negative increase in fertilizer pesticide use. All the meat and egg milk production. 596.86 Tons of tons. 1771 Increase in the overall scale of livestock farming 3 Percentage point. Priority waters of the Yangtze basin 39 Acquisition of fisheries law enforcement equipment and conduct of law enforcement inspections in each county 12 Time after time, completion of the Yangtze ban year, production of aquatic products 65.77 A million tons. Speciality development county-led industrial output growth 10 More than %, a provincial system for monitoring key industrial statistics is in place. Increase in agro-processing production across the province 23.7 % increase in sales revenues from leading enterprises across the province 11 %. Fostering farmers ' cooperatives 323 Quantities, completion of agro-economic statistics survey. - Completion of the pilot project to reform the rural collective property system throughout the province, completion of the rural collective asset inventory; organization of a second pilot project on land contracting. Total farm power in the province 2838.88 Twat. 0.2 %; agricultural machinery operation area 10540 I mean, ten thousand mu. 50.8 %. New certification of green, organic and agricultural products for geographical indications 1528 individual; provincial routine monitoring of sample tests 4710 Batchs, combined eligibility rate 98 % or more; provincial special monitoring check-ups 13872 Wholesals, provincial routine monitoring and specialized monitoring of agricultural products 18582 No major agricultural quality safety incidents occurred throughout the year. Organizations 605 Participation of businesses in presentations, development 5 Large-scale databases to upgrade the infrastructure of large agricultural rural data centres. Supervision of agrogenomically modified biosafety is carried out in an orderly manner, with samples sampled throughout the year 205 Both negative; invasive monitoring and control of agricultural alien species with a focus on VGA are effectively controlled to eliminate invasive alien species including VGA 3.8 ten Thousand mu; basic province-wide recycling network for used membranes, use of membranes 13.84 Thousands of tons recovered 11.48 Tons of tons, recovery rate achieved 82.9 %. Number of well-established regional bases supported at the national level 4 Number of agricultural wild plant sites protected 14 Number of protected areas and gene banks in individual, provincial stockhouses for species quality, animal genetic resources 47 individual, new collection, introduction of seed resources 2368 Number of crop varieties updated 1535 Ben.",0,0,0,0,0,0,0,0,0,1,0,0,0,0,0,0,0,0,0,0,0,0,0,"```json
{""classification"":""No"",""reason"":""The description does not mention anything related to the construction of a network of sewage drainage for urban life, and all financial uses are focused on agricultural production, the promotion of green technologies, agricultural safety monitoring, membrane recycling, etc., and do not involve the construction of a system of sewer networks or the construction of a stormwater-sewage security project.""}
```","```json
{""classification"":""No"",""reason"":""The description is mainly concerned with agricultural development and the monitoring of the quality of agricultural products, and there is no reference to the rehabilitation of the municipal sewage network.""}
```","```json
{""classification"":""No"",""reason"":""The description focuses on green agricultural production, agro-industrial development, agricultural quality monitoring, membrane recycling, and does not mention projects related to the construction of sewerage networks or sewage management in rural areas.""}
```","```json
{""classification"":""No"",""reason"":""The description does not mention aspects of emergency treatment of sewage and water in rural areas, such as agricultural production, green control, membrane recycling, etc., which are not directly related to anti-fouling networks, integrated treatment facilities, etc.""}
```","```json
{""classification"":""No"",""reason"":""The description focuses on areas such as agricultural production, the safety of agricultural produce quality, agricultural mechanization and conservation of seed resources, with no reference to the construction of decentralized sewage treatment facilities or related measures in rural areas.""}
```","```json
{""classification"":""No"",""reason"":""The description does not mention the relevant elements of the extension, treatment or water quality improvement of the water supply, mainly in the areas of agricultural production, green control, agricultural quality security, agro-mechanization development and membrane recycling.""}
```","```json
{""classification"":""No"",""reason"":""The funds mentioned in the description were used mainly for agricultural development and related green production technologies, agro-mechanization, monitoring of the quality of agricultural products, membrane recycling, etc., and did not mention the components of the adaptation of waterwater management systems or the construction of related facilities.""}
```","```json
{""classification"":""No"",""reason"":""There is no mention in the description of construction or purification measures related to the water tailings wetlands, focusing mainly on agricultural production, green technology diffusion, agro-mechanization development and agricultural pollution control, which are not directly related to the WWTPWetland measures.""}
```","```json
{""classification"":""No"",""reason"":""The description does not mention the promotion of environmentally friendly and ecologically friendly crops in the Qilu Lake basin or the control of areas under traditional vegetable cultivation, focusing on green production technologies, agro-industrial development, agricultural safety monitoring and membrane recycling, among others, which are not directly linked to crop restructuring measures.""}
```","```json
{""classification"":""Yes"",""reason"":""The description refers to a “promoting partial fertilizer substitution demonstration”, which corresponds directly to the measure's “exercising partial fertilizer substitution demonstration”, and explicitly refers to results-oriented objectives such as “continuous reduction efficiency gains from fertilizer pesticides”, “negative fertilizer use growth”.""}
```","```json
{""classification"":""No"",""reason"":""There is no explicit reference in the description to the construction of agricultural demonstration bases for integraded and commercialization facilities, the implementation of specific zone-high-standard farmland construction or promotion of agricultural water price reforms, focusing on other agricultural modernization measures, such as soil fertilization, green control, agro-improvement and digital agriculture.""}
```","```json
{""classification"":""No"",""reason"":""The financial use mentioned in the description mainly relates to agricultural production, green controls, agro-mechanization development, monitoring of agricultural quality, membrane recycling and conservation of seed resources, and there is no reference to elements related to the construction of belts, gate management or enhancement of water storage capacity.""}
```","```json
{""classification"":""No"",""reason"":""No reference was made in the description to recharge works, pumping stations or reservoirs, nor to the use of treated water for agricultural irrigation, focusing on green production techniques such as soil fertilization, membrane recycling and agricultural mechanization.""}
```","```json
{""classification"":""No"",""reason"":""The description does not refer to the installation of mobile integrated treatment facilities, treatment of high COD entry points or maintenance-related costs, but focuses on increased agricultural production, green control, agro-mechanism development, agricultural quality monitoring and membrane recycling.""}
```","```json
{""classification"":""No"",""reason"":""The description does not refer to such areas as river drain clearance, the establishment of remediation lists, or the treatment of priority drains. The funds are used mainly in areas not directly related to river drain management, such as agricultural production, green control, agro-mechanization development, and agricultural quality security.""}
```","```json
{""classification"":""No"",""reason"":""No reference was made in the description to actions related to river cleaning, such as the `floating of rivers', the recovery of garbage or the rehabilitation of river basins, focusing mainly on agricultural governance such as agricultural production, green technology diffusion, quality monitoring and membrane recycling.""}
```","```json
{""classification"":""No"",""reason"":""The description mainly covers the use of funds for agricultural production, such as food production, fertilization of soil formulations, green control, agro-mechanization development, etc., and does not refer to specific financial inputs or the implementation of projects directly related to the projects of the river-coast projects, such as the Great New River and the Hoang Bay River.""}
```","```json
{""classification"":""No"",""reason"":""There is no reference in the description to relevant elements such as `river siltation ' , `stop belt silt', `explosion of the reservoir' or `reduce the sludge pollution load', mainly in the direction of agricultural production, green technology, agro-mechanization, agricultural safety and membrane recycling, which are not directly related to riverine governance.""}
```","```json
{""classification"":""No"",""reason"":""The description does not mention any elements related to the operation of the construction of the algae-water station, such as the operation of water-quality lifting stations, the size of treatment, the use of condensants or annual transportation support, but focuses on agricultural measures such as agricultural production, green controls, agro-mechanization development and membrane recycling.""}
```","```json
{""classification"":""No"",""reason"":""The description does not mention mobile algae-water security equipment, emergency disposal of caanobacteria or related equipment inputs, focusing on agricultural production, green technology promotion, agricultural safety monitoring and membrane recycling.""}
```","```json
{""classification"":""No"",""reason"":""The description does not mention manual clean-up of lake-drilling cyanobacteria, aquatic plant residues or lakeside garbage, and 2024 The annual plan is to separate the algae. 4 The target of tons is not supported by corresponding data in text.""}
```","```json
{""classification"":""No"",""reason"":""There is no mention in the description of the construction of in-situ pressure-controlled algae wells in Qilu Lake or of the scientific proliferation of free leachate Salmon, which focuses on the upgrading of the agro-industry, the development of agro-machinery, the regulation of agricultural safety and membrane recycling, etc., are not directly related to specific measures for the control of algae.""}
```","```json
{""classification"":""No"",""reason"":""The description does not refer to such aspects as bottom treatment of lakes, management of internal sources of pollution or ecological restoration of water, mainly in the areas of agricultural measures such as increased agricultural production, green control, livestock development, agro-mechanization and membrane recycling.""}
```","```json
{""classification"":""No"",""reason"":""The description does not mention anything related to the construction of a network of sewage drainage for urban life, and all financial uses are focused on agricultural production, the promotion of green technologies, agricultural safety monitoring, membrane recycling, etc., and do not involve the construction of a system of sewer networks or the construction of a stormwater-sewage security project.""}
```; ```json
{""classification"":""No"",""reason"":""The description is mainly concerned with agricultural development and the monitoring of the quality of agricultural products, and there is no reference to the rehabilitation of the municipal sewage network.""}
```; ```json
{""classification"":""No"",""reason"":""The description focuses on green agricultural production, agro-industrial development, agricultural quality monitoring, membrane recycling, and does not mention projects related to the construction of sewerage networks or sewage management in rural areas.""}
```; ```json
{""classification"":""No"",""reason"":""The description does not mention aspects of emergency treatment of sewage and water in rural areas, such as agricultural production, green control, membrane recycling, etc., which are not directly related to anti-fouling networks, integrated treatment facilities, etc.""}
```; ```json
{""classification"":""No"",""reason"":""The description focuses on areas such as agricultural production, the safety of agricultural produce quality, agricultural mechanization and conservation of seed resources, with no reference to the construction of decentralized sewage treatment facilities or related measures in rural areas.""}
```; ```json
{""classification"":""No"",""reason"":""The description does not mention the relevant elements of the extension, treatment or water quality improvement of the water supply, mainly in the areas of agricultural production, green control, agricultural quality security, agro-mechanization development and membrane recycling.""}
```; ```json
{""classification"":""No"",""reason"":""The funds mentioned in the description were used mainly for agricultural development and related green production technologies, agro-mechanization, monitoring of the quality of agricultural products, membrane recycling, etc., and did not mention the components of the adaptation of waterwater management systems or the construction of related facilities.""}
```; ```json
{""classification"":""No"",""reason"":""There is no mention in the description of construction or purification measures related to the water tailings wetlands, focusing mainly on agricultural production, green technology diffusion, agro-mechanization development and agricultural pollution control, which are not directly related to the WWTPWetland measures.""}
```; ```json
{""classification"":""No"",""reason"":""The description does not mention the promotion of environmentally friendly and ecologically friendly crops in the Qilu Lake basin or the control of areas under traditional vegetable cultivation, focusing on green production technologies, agro-industrial development, agricultural safety monitoring and membrane recycling, among others, which are not directly linked to crop restructuring measures.""}
```; ```json
{""classification"":""Yes"",""reason"":""The description refers to a “promoting partial fertilizer substitution demonstration”, which corresponds directly to the measure's “exercising partial fertilizer substitution demonstration”, and explicitly refers to results-oriented objectives such as “continuous reduction efficiency gains from fertilizer pesticides”, “negative fertilizer use growth”.""}
```; ```json
{""classification"":""No"",""reason"":""There is no explicit reference in the description to the construction of agricultural demonstration bases for integraded and commercialization facilities, the implementation of specific zone-high-standard farmland construction or promotion of agricultural water price reforms, focusing on other agricultural modernization measures, such as soil fertilization, green control, agro-improvement and digital agriculture.""}
```; ```json
{""classification"":""No"",""reason"":""The financial use mentioned in the description mainly relates to agricultural production, green controls, agro-mechanization development, monitoring of agricultural quality, membrane recycling and conservation of seed resources, and there is no reference to elements related to the construction of belts, gate management or enhancement of water storage capacity.""}
```; ```json
{""classification"":""No"",""reason"":""No reference was made in the description to recharge works, pumping stations or reservoirs, nor to the use of treated water for agricultural irrigation, focusing on green production techniques such as soil fertilization, membrane recycling and agricultural mechanization.""}
```; ```json
{""classification"":""No"",""reason"":""The description does not refer to the installation of mobile integrated treatment facilities, treatment of high COD entry points or maintenance-related costs, but focuses on increased agricultural production, green control, agro-mechanism development, agricultural quality monitoring and membrane recycling.""}
```; ```json
{""classification"":""No"",""reason"":""The description does not refer to such areas as river drain clearance, the establishment of remediation lists, or the treatment of priority drains. The funds are used mainly in areas not directly related to river drain management, such as agricultural production, green control, agro-mechanization development, and agricultural quality security.""}
```; ```json
{""classification"":""No"",""reason"":""No reference was made in the description to actions related to river cleaning, such as the `floating of rivers', the recovery of garbage or the rehabilitation of river basins, focusing mainly on agricultural governance such as agricultural production, green technology diffusion, quality monitoring and membrane recycling.""}
```; ```json
{""classification"":""No"",""reason"":""The description mainly covers the use of funds for agricultural production, such as food production, fertilization of soil formulations, green control, agro-mechanization development, etc., and does not refer to specific financial inputs or the implementation of projects directly related to the projects of the river-coast projects, such as the Great New River and the Hoang Bay River.""}
```; ```json
{""classification"":""No"",""reason"":""There is no reference in the description to relevant elements such as `river siltation ' , `stop belt silt', `explosion of the reservoir' or `reduce the sludge pollution load', mainly in the direction of agricultural production, green technology, agro-mechanization, agricultural safety and membrane recycling, which are not directly related to riverine governance.""}
```; ```json
{""classification"":""No"",""reason"":""The description does not mention any elements related to the operation of the construction of the algae-water station, such as the operation of water-quality lifting stations, the size of treatment, the use of condensants or annual transportation support, but focuses on agricultural measures such as agricultural production, green controls, agro-mechanization development and membrane recycling.""}
```; ```json
{""classification"":""No"",""reason"":""The description does not mention mobile algae-water security equipment, emergency disposal of caanobacteria or related equipment inputs, focusing on agricultural production, green technology promotion, agricultural safety monitoring and membrane recycling.""}
```; ```json
{""classification"":""No"",""reason"":""The description does not mention manual clean-up of lake-drilling cyanobacteria, aquatic plant residues or lakeside garbage, and 2024 The annual plan is to separate the algae. 4 The target of tons is not supported by corresponding data in text.""}
```; ```json
{""classification"":""No"",""reason"":""There is no mention in the description of the construction of in-situ pressure-controlled algae wells in Qilu Lake or of the scientific proliferation of free leachate Salmon, which focuses on the upgrading of the agro-industry, the development of agro-machinery, the regulation of agricultural safety and membrane recycling, etc., are not directly related to specific measures for the control of algae.""}
```; ```json
{""classification"":""No"",""reason"":""The description does not refer to such aspects as bottom treatment of lakes, management of internal sources of pollution or ecological restoration of water, mainly in the areas of agricultural measures such as increased agricultural production, green control, livestock development, agro-mechanization and membrane recycling.""}
```",1
"Special funds for agricultural development; deepening rural agricultural reform, strengthening management of contracted land and conducting two-round pilot extension packages. (c) To continue to consolidate and effectively link the achievements of the anti-poverty campaign with rural renewal, to strengthen the mentoring support of “bundling” enterprises and cooperatives, to enhance the capacity of the “bundling” enterprises and cooperative industries to assist them, and to promote the development of sustainable industrial growth for the poor who have conditions for industrial development. The development of the leading industries in the specialty districts has yielded tangible results, with improved systems of monitoring of key industrial statistics and market services covering the province. Number of leading agribusiness enterprises 34 Annual increase in value of processed agricultural products 8 % or more, supporting beautiful and leisure village construction. Establishment of pilot water quality monitoring of agricultural lands 18 Individual, promoting safe use of contaminated arable land throughout the province. To guide farmers ' cooperatives in their normative development, to enhance their standardized productive capacity and service-led capacities; to complete the pilot district-based reform of the national system of rural residences; to complete the rural economic management statistics and rural fixed observation survey. Present. 2024 Year, digital agriculture demonstration base, province-wide 60 One, ISIS Model. 300 To construct and improve our provincial modern agricultural circulation system and promote the digital, informational and intellectual development of agriculture. Eradicating alien species such as Vigilante 4.8 I'm sorry, I'm sorry. 480 A sample to train business cadres 600 People. Conduct of safety monitoring of the quality of farming and farming products and completion of provincial monitoring missions 45000 More batches, new certified registration of green, organic, geographical agricultural products 3000 Over, organic produce certified area 360 ten thousand mu above; performing 9 (a) The application for registration protection of agricultural products by geographical indications; the promotion of the application of the certificate of conformity of the commitment to food and agricultural products; the implementation of activities to guarantee rural and rural farming; the establishment of public service institutions to monitor the quality of agricultural products in counties and villages; and the prevention of risks to the quality of agricultural products and the prevention of incidents involving the quality of particularly large agricultural products. Total food production in the province is stable. 1896 More than tons; fertilization coverage of major crop-based soil formulations stabilized 90 Over % green control coverage is stable 35 Over %, fertilizer pesticides are growing zero. It's not less than meat production in the province. 420 Tons of tons of meat, egg and milk are guaranteed throughout the province, the regulation of fresh milk forage and veterinary medicine is strengthened, and the use of animal and poultry waste resources is further improved. Implementation of the Ten-Year Fishing Ban in the Yangtze River, promotion of the Yunnan Province Survey of Aquaculture Quality Resources and development of information on fisheries and fisheries, 2024 The year to be achieved 64 The conservation of aquatic living resources is evident from the production development target of tons. :: Promotion of modern seeding projects, construction of agricultural stock reserves (district storage), conservation sites for agricultural wild plants, identification of crop purity, testing of varieties and validation of species, and local animal and poultry species performance. Annual average increase in the rate of total mechanization of major crop cultivation across the province 0.5 Percentage point. Total food production across the province 1958 Ton of tons, main crop monitoring formula fertilization coverage 90 % and above, green control coverage 35 Over %, there is zero growth in fertilizer pesticide use. Meat production in the province 520.3 Tons of tons, guaranteed meat and egg milk supply throughout the province, improved regulation of fresh milk feed veterinary medicines and increased utilization of animal and poultry waste resources. Water production in the province 67.88 Tons of tons. 80 Quantities. Aquaculture stock survey completed. 100 %. Fostering development 17 Speciality development districts, leading industrial output increase 10 More than %; key industry statistics monitoring and market service systems are fully covered. Number of leading agribusiness enterprises 214 Annual increase in value of processed agricultural products 8 % or more, supporting beautiful and leisure village construction. Certification of land contracting rights achieved 99 % and above; extended after the second round of land contracts in Jinning District and Visi County 30 The year-to-year district-wide pilot work is carried out to advance pilot tasks in an orderly manner in accordance with the approved pilot programme. To guide farmers ' cooperatives in their normative development, to enhance their standardized productive capacity and service-led capacities; to complete the pilot district-based reform of the national system of rural residences; to complete the rural economic management statistics and rural fixed observation survey. Strengthened mechanical equipment to support the production of food and important agricultural products, boosted the agricultural machinery patchboard and integrated mechanization of crop cultivation 52.98 %. New province-wide certified register of geographical indications for green, organic and agricultural products 1428 individual; supervision of green, organic, geomarked agricultural products 400 Countries; provincial monitoring missions completed 20830 Batch. Eradicating alien species such as Vigilante 1.82 I'm sorry, I'm sorry. 205 A sample. Completion of a digital agricultural innovation application base 20 One, ISIS Model. 84 To construct and improve our provincial modern agricultural circulation system and promote the digital, informational and intellectual development of agriculture. Establishment of pilot water quality monitoring of agricultural lands 6 Individual, promoting safe and contaminated agricultural land throughout the province. Completed 26 (c) Development of a quality stock of species at the provincial level; 9 Construction of conservation grounds and gene banks for animal genetic resources, new collection and introduction of seed resources 1957 parts;support 14 Sites for the conservation of native agricultural plants; 437 Sample purity certification, 261 Tests of individual varieties and tests of verification of varieties; 67 Local livestock varieties are productively measurable. (c) To improve the mechanism for farming and farming and to increase the operating income of families living in poverty.",0,0,0,0,0,0,0,0,0,0,0,0,0,0,0,0,0,0,0,0,0,0,0,"```json
{""classification"":""No"",""reason"":""There is no mention in the description of projects related to the construction of a network of sewage drainage for urban life, mainly related to agricultural financing for agricultural rural reform, rural renewal, agricultural safety monitoring, crop upgrading, etc., not related to the construction of a Sewer network.""}
```","```json
{""classification"":""No"",""reason"":""No reference is made in the description to the rehabilitation of municipal sewage networks, the CCTV/QV technical survey or the establishment of GIS systems, mainly for projects directly related to agriculture, such as agrarian reform, monitoring of agricultural quality safety, crop upgrading and digital agriculture.""}
```","```json
{""classification"":""No"",""reason"":""The description does not refer to the construction of a network of sewage and drainage in rural areas, to the management of sewage in natural villages or to the laying of a network, mainly related to agrarian reform, industrial support, monitoring of the quality of agricultural products, and the upgrading of farming, not related to the Rural Pipe measure.""}
```","```json
{""classification"":""No"",""reason"":""The description does not refer to emergency collection of household sewage, cooking water, cleaning of septic tanks and latrines, or transport to integrated rural treatment facilities, and the use of funds mainly related to agricultural reform, rural renewal, agricultural safety and crop upgrading, which is not directly linked to direct sewage emergency treatment.""}
```","There is no mention in the description of decentralized sewage treatment measures such as the construction of soil purification tanks and small integrated treatment facilities, except for the monitoring of the water quality of agricultural lands and the safe use of contaminated cropland, which is covered by cropland protection.","```json
{""classification"":""No"",""reason"":""The description does not mention the relevant aspects of the extension, which relate mainly to the management of pollution from agricultural surface sources, such as the establishment of a pilot water quality monitoring project for agricultural lands, which is not directly related to the WWTPExpand measure.""}
```","```json
{""classification"":""No"",""reason"":""The description does not refer to the retrofitting of waterwater resources, but rather focuses on agricultural-related measures, such as the use of agricultural funds, the monitoring of land runoff, and the upgrading of farming industries, which are not directly related to the construction of the infrastructure.""}
```","```json
{""classification"":""No"",""reason"":""No mention is made in the description of the work on the retrofitting or cleaning of the tailings wetlands, focusing mainly on agricultural-related measures such as agrarian reform, agricultural quality security, crop upgrading and the pilot monitoring of agricultural lands, which are not directly related to the WWTPWetland measures.""}
```","```json
{""classification"":""No"",""reason"":""Specific aspects of the promotion of environmentally friendly and ecologically friendly crops in the Qilu Lake basin or of the control of the area under traditional open-land vegetable cultivation are not mentioned in the description, and related measures, such as field rehydration monitoring, green certification, etc., are related to environmental protection, but do not clearly point to planting structural adjustment objectives.""}
```","```json
{""classification"":""No"",""reason"":""The description doesn't mention anything like Suyama Street. 4 Implementation of partial fertilizer substitution demonstrations in each region 0.8 The specifics of ten rousand mu refer only to the overall objectives of zero growth of fertilizers and pesticides and green control coverage, but do not specify the financial inputs related to specific regions and areas in the measures.""}
```","```json
{""classification"":""No"",""reason"":""No reference was made in the description to the construction of agricultural demonstration bases, operators' bays and triskets at the facility 0.58 This is the first time I've been able to build, overwhelm, and then I've been able to use it. 2 Specific measures, such as the results of the reform of agricultural water prices for irrigated areas, are partially overlapping, but not directly matching, with the core directions of the measure, and address key elements of modern agricultural technology applications (e.g., agricultural digitization, seeding).""}
```","```json
{""classification"":""No"",""reason"":""The description does not refer to the construction of ecological belts in the lakes, the construction of four gates of the Red Flag River or the management of key gates. The funds are directed mainly towards agrarian reform, poverty eradication, agricultural safety monitoring, crop upgrading, etc., and are not directly linked to specific measures to intercept the construction of the belt.""}
```","```json
{""classification"":""No"",""reason"":""The description does not refer to the construction (renovation) of new pumping stations, reservoirs and recharge of water for use in agricultural irrigation, but focuses on agro-industry support, agricultural quality monitoring, crop upgrading and crop rehydration monitoring.""}
```","```json
{""classification"":""No"",""reason"":""There is no mention in the description of the installation of mobile integrated treatment facilities or of securing their financing, mainly in relation to agricultural development, rural rehabilitation, agricultural safety, water recharge monitoring, etc., which is not directly related to the specific water treatment facilities in the measures.""}
```","```json
{""classification"":""No"",""reason"":""There is no mention in the description of river drains or associated remediation elements, mainly related to the management of pollution from agricultural surface sources, the monitoring of land runoff and the ban on fishing in the Yangtze River, which are not directly linked to the clearance of river drains in the measure.""}
```","```json
{""classification"":""No"",""reason"":""There is no mention in the description of actions related to riverine cleaning, such as the recovery of riverine garbage, aquatic plant residues or the monitoring of riverine cleaning, focusing mainly on agriculture, cropping, agricultural safety and contaminated cropland management.""}
```","```json
{""classification"":""No"",""reason"":""Specific measures, such as river-coast works, high dykes, farm tailings collection pipeline construction or optimization of integrated river-column management programmes, are not mentioned in the description, with a focus on agro-industry, recharge monitoring, seed promotion and digital agriculture, and are not directly related to river-water flood and pollution interdiction projects.""}
```","```json
{""classification"":""No"",""reason"":""The description does not mention river siltation, block belt treatment or reduction of sludge pollution loads, mainly related to agrarian reform, agricultural safety monitoring, crop upgrading, etc., and is not related to measures.""}
```","```json
{""classification"":""No"",""reason"":""The description does not mention the construction, transportation or related water quality upgrading measures at the algae-water security station, nor does it address such aspects as treatment scale, condensant control or annual transportation finance, focusing mainly on other aspects of agricultural development and pollution control.""}
```","```json
{""classification"":""No"",""reason"":""The description does not mention any elements related to the emergency disposal of caanobacteria, the operation of mobile algae-water equipment or related equipment, focusing mainly on integrated agricultural development measures, such as agricultural reform, agricultural quality security, crop upgrading and crop rehydration monitoring.""}
```","```json
{""classification"":""No"",""reason"":""The description does not refer to the organization of manual clean-up of lake cyanobacteria, aquatic plant residues or lakeside waste, nor does it deal with specific measures for the separation of algae sludge or the reduction of internal sources of pollution, but focuses on elements that are not directly related to the manual clean-up of water bodies, such as agrarian reform, crop upgrading and agricultural safety regulation.""}
```","```json
{""classification"":""No"",""reason"":""The description does not mention physical and biological measures to control algae, such as the construction of in-situ pressure-controlled deep algae wells or amphibians, mainly for agricultural reform, quality monitoring of agricultural products, raising of farming industries, and increased agro-industrialization, not related to the AlgaeInsitu measure.""}
```","The description does not refer to measures related to bottom treatment of lakes, such as preparation of a five-year action programme, pilot demonstration of bottom-slub removal, which focuses mainly on agricultural areas such as agricultural reform, industrial support, safe use of cropland and crop upgrading.","```json
{""classification"":""No"",""reason"":""There is no mention in the description of projects related to the construction of a network of sewage drainage for urban life, mainly related to agricultural financing for agricultural rural reform, rural renewal, agricultural safety monitoring, crop upgrading, etc., not related to the construction of a Sewer network.""}
```; ```json
{""classification"":""No"",""reason"":""No reference is made in the description to the rehabilitation of municipal sewage networks, the CCTV/QV technical survey or the establishment of GIS systems, mainly for projects directly related to agriculture, such as agrarian reform, monitoring of agricultural quality safety, crop upgrading and digital agriculture.""}
```; ```json
{""classification"":""No"",""reason"":""The description does not refer to the construction of a network of sewage and drainage in rural areas, to the management of sewage in natural villages or to the laying of a network, mainly related to agrarian reform, industrial support, monitoring of the quality of agricultural products, and the upgrading of farming, not related to the Rural Pipe measure.""}
```; ```json
{""classification"":""No"",""reason"":""The description does not refer to emergency collection of household sewage, cooking water, cleaning of septic tanks and latrines, or transport to integrated rural treatment facilities, and the use of funds mainly related to agricultural reform, rural renewal, agricultural safety and crop upgrading, which is not directly linked to direct sewage emergency treatment.""}
```; There is no mention in the description of decentralized sewage treatment measures such as the construction of soil purification tanks and small integrated treatment facilities, except for the monitoring of the water quality of agricultural lands and the safe use of contaminated cropland, which is covered by cropland protection.; ```json
{""classification"":""No"",""reason"":""The description does not mention the relevant aspects of the extension, which relate mainly to the management of pollution from agricultural surface sources, such as the establishment of a pilot water quality monitoring project for agricultural lands, which is not directly related to the WWTPExpand measure.""}
```; ```json
{""classification"":""No"",""reason"":""The description does not refer to the retrofitting of waterwater resources, but rather focuses on agricultural-related measures, such as the use of agricultural funds, the monitoring of land runoff, and the upgrading of farming industries, which are not directly related to the construction of the infrastructure.""}
```; ```json
{""classification"":""No"",""reason"":""No mention is made in the description of the work on the retrofitting or cleaning of the tailings wetlands, focusing mainly on agricultural-related measures such as agrarian reform, agricultural quality security, crop upgrading and the pilot monitoring of agricultural lands, which are not directly related to the WWTPWetland measures.""}
```; ```json
{""classification"":""No"",""reason"":""Specific aspects of the promotion of environmentally friendly and ecologically friendly crops in the Qilu Lake basin or of the control of the area under traditional open-land vegetable cultivation are not mentioned in the description, and related measures, such as field rehydration monitoring, green certification, etc., are related to environmental protection, but do not clearly point to planting structural adjustment objectives.""}
```; ```json
{""classification"":""No"",""reason"":""The description doesn't mention anything like Suyama Street. 4 Implementation of partial fertilizer substitution demonstrations in each region 0.8 The specifics of ten rousand mu refer only to the overall objectives of zero growth of fertilizers and pesticides and green control coverage, but do not specify the financial inputs related to specific regions and areas in the measures.""}
```; ```json
{""classification"":""No"",""reason"":""No reference was made in the description to the construction of agricultural demonstration bases, operators' bays and triskets at the facility 0.58 This is the first time I've been able to build, overwhelm, and then I've been able to use it. 2 Specific measures, such as the results of the reform of agricultural water prices for irrigated areas, are partially overlapping, but not directly matching, with the core directions of the measure, and address key elements of modern agricultural technology applications (e.g., agricultural digitization, seeding).""}
```; ```json
{""classification"":""No"",""reason"":""The description does not refer to the construction of ecological belts in the lakes, the construction of four gates of the Red Flag River or the management of key gates. The funds are directed mainly towards agrarian reform, poverty eradication, agricultural safety monitoring, crop upgrading, etc., and are not directly linked to specific measures to intercept the construction of the belt.""}
```; ```json
{""classification"":""No"",""reason"":""The description does not refer to the construction (renovation) of new pumping stations, reservoirs and recharge of water for use in agricultural irrigation, but focuses on agro-industry support, agricultural quality monitoring, crop upgrading and crop rehydration monitoring.""}
```; ```json
{""classification"":""No"",""reason"":""There is no mention in the description of the installation of mobile integrated treatment facilities or of securing their financing, mainly in relation to agricultural development, rural rehabilitation, agricultural safety, water recharge monitoring, etc., which is not directly related to the specific water treatment facilities in the measures.""}
```; ```json
{""classification"":""No"",""reason"":""There is no mention in the description of river drains or associated remediation elements, mainly related to the management of pollution from agricultural surface sources, the monitoring of land runoff and the ban on fishing in the Yangtze River, which are not directly linked to the clearance of river drains in the measure.""}
```; ```json
{""classification"":""No"",""reason"":""There is no mention in the description of actions related to riverine cleaning, such as the recovery of riverine garbage, aquatic plant residues or the monitoring of riverine cleaning, focusing mainly on agriculture, cropping, agricultural safety and contaminated cropland management.""}
```; ```json
{""classification"":""No"",""reason"":""Specific measures, such as river-coast works, high dykes, farm tailings collection pipeline construction or optimization of integrated river-column management programmes, are not mentioned in the description, with a focus on agro-industry, recharge monitoring, seed promotion and digital agriculture, and are not directly related to river-water flood and pollution interdiction projects.""}
```; ```json
{""classification"":""No"",""reason"":""The description does not mention river siltation, block belt treatment or reduction of sludge pollution loads, mainly related to agrarian reform, agricultural safety monitoring, crop upgrading, etc., and is not related to measures.""}
```; ```json
{""classification"":""No"",""reason"":""The description does not mention the construction, transportation or related water quality upgrading measures at the algae-water security station, nor does it address such aspects as treatment scale, condensant control or annual transportation finance, focusing mainly on other aspects of agricultural development and pollution control.""}
```; ```json
{""classification"":""No"",""reason"":""The description does not mention any elements related to the emergency disposal of caanobacteria, the operation of mobile algae-water equipment or related equipment, focusing mainly on integrated agricultural development measures, such as agricultural reform, agricultural quality security, crop upgrading and crop rehydration monitoring.""}
```; ```json
{""classification"":""No"",""reason"":""The description does not refer to the organization of manual clean-up of lake cyanobacteria, aquatic plant residues or lakeside waste, nor does it deal with specific measures for the separation of algae sludge or the reduction of internal sources of pollution, but focuses on elements that are not directly related to the manual clean-up of water bodies, such as agrarian reform, crop upgrading and agricultural safety regulation.""}
```; ```json
{""classification"":""No"",""reason"":""The description does not mention physical and biological measures to control algae, such as the construction of in-situ pressure-controlled deep algae wells or amphibians, mainly for agricultural reform, quality monitoring of agricultural products, raising of farming industries, and increased agro-industrialization, not related to the AlgaeInsitu measure.""}
```; The description does not refer to measures related to bottom treatment of lakes, such as preparation of a five-year action programme, pilot demonstration of bottom-slub removal, which focuses mainly on agricultural areas such as agricultural reform, industrial support, safe use of cropland and crop upgrading.",0
"The Central Agricultural Resources and Ecological Conservation Subsidy Fund is issued in advance; it supports agricultural resources and ecological conservation on the basis of a list of tasks and in conjunction with local programmes. ; 2022 Yearly implementation of food - beans, food - tankers 160.244 Soybeans corn belt complex. 50.09 ten thousand mu, pilot area for green cycling agriculture 112 I'm sorry. The overall state-of-the-provincial stench utilization rate was achieved 91.95 % of project implementation districts have established long-term mechanisms for the integrated use of straw. Free fish. 1788 Mantail. Outgoing waters include nine highland lakes and six major water systems, with species specific to fish and other economic species, such as wave-resistant white fish, pip pool highbacks, scabfish and pip pool gold wires.",0,0,0,0,0,0,0,0,0,0,0,0,0,0,0,0,0,0,0,0,0,0,0,"```json
{""classification"":""No"",""reason"":""The description refers to agro-ecological conservation measures such as subsidies for agricultural resources and ecological conservation, crop rotation, straw use and fish migration, and does not refer to the construction of towns and cities, or to the construction of towns and cities.""}
```","```json
{""classification"":""No"",""reason"":""The description, which refers to subsidies for agricultural resources and ecological conservation being used for food and soybean rotations, crop cycling, straw use and fish migration, is not directly related to the construction of GIS systems and technical surveys, which have been overhauled by the power network.""}
```","```json
{""classification"":""No"",""reason"":""The description refers to the use of funds for subsidies for agricultural resources and ecological conservation, crop rotation, the piloting of green cycling agriculture, the integrated use of straws and the release of fish, without reference to the construction of rural security networks.""}
```","The description, which refers to the use of agricultural resources and ecological conservation subsidies for food and soybean rotations, seed-cycle agriculture piloting, combined use of straw and fish migration, does not mention the availability of sewage, water treatment or related facilities in rural areas, and is irrelevant to the measures.","```json
{""classification"":""No"",""reason"":""The financial uses mentioned in the description are mainly related to agricultural resources and ecological conservation, crop rotation, straw use and fish release, and there is no reference to soil purification tanks, small integrated treatment facilities or sewage water quality safeguards associated with `dispersional treatment of sewage from rural communities'.""}
```","```json
{""classification"":""No"",""reason"":""The funds mentioned in the description were used for agricultural resources and ecological conservation, soybean rotation, straw use and fish release, not directly related to the waterwater transfer scheme.""}
```","```json
{""classification"":""No"",""reason"":""The description does not refer to measures related to the rehabilitation of agricultural resources, crop rotation, straw use and fish release.""}
```","```json
{""classification"":""No"",""reason"":""The funds mentioned in the description were used for agricultural resources and ecological conservation subsidies, including crop rotation, pilot planting, straw use and fish release, without reference to projects related to water tailings wetlands.""}
```","```json
{""classification"":""No"",""reason"":""The measures mentioned in the description include food-beans, food-oil tankers, soybean corn-belt complex cultivation, green cycling agriculture pilot and fish exile, but no specific reference to the promotion of environmentally friendly and ecologically friendly crops or strict control over the area under traditional vegetable cultivation.""}
```","```json
{""classification"":""No"",""reason"":""The description does not refer to the practical implementation of the organic fertilizer substitution or the green control demonstration, but only to food-beans rotation, the green cycling agriculture pilot and the combined use of straw, which are not directly related to the specific elements of the measure.""}
```","```json
{""classification"":""No"",""reason"":""The funds mentioned in the description were used for ecological protection measures such as food-bean rotation, piloting of green crop-cycle agriculture, integrated use of straw and fish migration, but did not explicitly address specific aspects of the application of modern agricultural technologies such as integradation and wastelation facilities, construction of high-standard farmland or reform of agricultural water prices.""}
```","```json
{""classification"":""No"",""reason"":""The funds referred to in the description are used for subsidies for agricultural resources and ecological conservation, crop rotations, combined use of straws and the release of fish, without reference to specific measures such as savings belt construction, gate management or water storage capacity expansion.""}
```","```json
{""classification"":""No"",""reason"":""There is no reference in the description to construction related to re-use projects (e.g. pumping stations, reservoirs, treatment of re-use irrigation, etc.), mainly related to ecological conservation measures such as conservation of agricultural resources, crop rotation and fish release.""}
```","The funds mentioned in the description were used for agricultural resources and ecological conservation, crop rotation, straw use and fish release, and no mention was made of mobile treatment facilities or associated water treatment measures along the block belt.","```json
{""classification"":""No"",""reason"":""The description refers to the use of central agricultural resources and ecological conservation subsidies to support agro-ecological conservation projects such as crop rotation, the integrated use of straws and the release of fish, without reference to river drains, trace sources of pollution or the construction of regulatory systems.""}
```","```json
{""classification"":""No"",""reason"":""The financial resources mentioned in the description were used for subsidies for agricultural resources and ecological conservation, crop rotation, combined use of straws and fish release, and did not cover such aspects as river cleaning, garbage recovery or cleaning.""}
```","```json
{""classification"":""No"",""reason"":""The funds referred to in the description are not directly related to physical management projects such as riverine projects and the construction of tailwater collection pipes in the measures, such as conservation of agricultural resources and ecology, crop rotation, straw use and fish release.""}
```","```json
{""classification"":""No"",""reason"":""The description refers to the use of funds for agricultural resources and ecological conservation, crop rotations, cropping cycles and fish exiles, which are not directly related to specific measures such as the siltation of rivers and the emptiness of reservoirs.""}
```","The financial resources mentioned in the description were used for agricultural resources and ecological conservation, crop rotation, straw use and fish release, without reference to the operation of the algae-water security station, the use of condensants or the safeguarding of water exit indicators.","```json
{""classification"":""No"",""reason"":""The subsidies mentioned in the description were used for agricultural resources and ecological conservation, crop rotation, straw use and fish migration, without reference to emergency disposal or mobile algae-water security equipment.""}
```","```json
{""classification"":""No"",""reason"":""The description does not refer to specific actions for manual cleaning of cyanobacteria, aquatic plants or lakeside waste, but focuses on agricultural resource conservation, crop rotation, straw use and fish release, which is not consistent with the immediate content of the measures.""}
```","```json
{""classification"":""No"",""reason"":""Description refers to free fish 1788 Mantails, but the species that are released include fish that are unique to areas such as the white fish, the pip pool, etc., and the `embracing leachate' specifically called for in the measures. Fish 200 Mantail 's species types do not match, and no reference is made to in situ pressure-controlled deep algae well construction.""}
```","```json
{""classification"":""No"",""reason"":""The funds mentioned in the description were used for agricultural resources and ecological conservation, including crop rotation, pilot planting, straw use and fish release, but no reference was made to measures related to bottom treatment of lakes, such as preparation of a five-year action programme, de-slub testing, etc.""}
```","```json
{""classification"":""No"",""reason"":""The description refers to agro-ecological conservation measures such as subsidies for agricultural resources and ecological conservation, crop rotation, straw use and fish migration, and does not refer to the construction of towns and cities, or to the construction of towns and cities.""}
```; ```json
{""classification"":""No"",""reason"":""The description, which refers to subsidies for agricultural resources and ecological conservation being used for food and soybean rotations, crop cycling, straw use and fish migration, is not directly related to the construction of GIS systems and technical surveys, which have been overhauled by the power network.""}
```; ```json
{""classification"":""No"",""reason"":""The description refers to the use of funds for subsidies for agricultural resources and ecological conservation, crop rotation, the piloting of green cycling agriculture, the integrated use of straws and the release of fish, without reference to the construction of rural security networks.""}
```; The description, which refers to the use of agricultural resources and ecological conservation subsidies for food and soybean rotations, seed-cycle agriculture piloting, combined use of straw and fish migration, does not mention the availability of sewage, water treatment or related facilities in rural areas, and is irrelevant to the measures.; ```json
{""classification"":""No"",""reason"":""The financial uses mentioned in the description are mainly related to agricultural resources and ecological conservation, crop rotation, straw use and fish release, and there is no reference to soil purification tanks, small integrated treatment facilities or sewage water quality safeguards associated with `dispersional treatment of sewage from rural communities'.""}
```; ```json
{""classification"":""No"",""reason"":""The funds mentioned in the description were used for agricultural resources and ecological conservation, soybean rotation, straw use and fish release, not directly related to the waterwater transfer scheme.""}
```; ```json
{""classification"":""No"",""reason"":""The description does not refer to measures related to the rehabilitation of agricultural resources, crop rotation, straw use and fish release.""}
```; ```json
{""classification"":""No"",""reason"":""The funds mentioned in the description were used for agricultural resources and ecological conservation subsidies, including crop rotation, pilot planting, straw use and fish release, without reference to projects related to water tailings wetlands.""}
```; ```json
{""classification"":""No"",""reason"":""The measures mentioned in the description include food-beans, food-oil tankers, soybean corn-belt complex cultivation, green cycling agriculture pilot and fish exile, but no specific reference to the promotion of environmentally friendly and ecologically friendly crops or strict control over the area under traditional vegetable cultivation.""}
```; ```json
{""classification"":""No"",""reason"":""The description does not refer to the practical implementation of the organic fertilizer substitution or the green control demonstration, but only to food-beans rotation, the green cycling agriculture pilot and the combined use of straw, which are not directly related to the specific elements of the measure.""}
```; ```json
{""classification"":""No"",""reason"":""The funds mentioned in the description were used for ecological protection measures such as food-bean rotation, piloting of green crop-cycle agriculture, integrated use of straw and fish migration, but did not explicitly address specific aspects of the application of modern agricultural technologies such as integradation and wastelation facilities, construction of high-standard farmland or reform of agricultural water prices.""}
```; ```json
{""classification"":""No"",""reason"":""The funds referred to in the description are used for subsidies for agricultural resources and ecological conservation, crop rotations, combined use of straws and the release of fish, without reference to specific measures such as savings belt construction, gate management or water storage capacity expansion.""}
```; ```json
{""classification"":""No"",""reason"":""There is no reference in the description to construction related to re-use projects (e.g. pumping stations, reservoirs, treatment of re-use irrigation, etc.), mainly related to ecological conservation measures such as conservation of agricultural resources, crop rotation and fish release.""}
```; The funds mentioned in the description were used for agricultural resources and ecological conservation, crop rotation, straw use and fish release, and no mention was made of mobile treatment facilities or associated water treatment measures along the block belt.; ```json
{""classification"":""No"",""reason"":""The description refers to the use of central agricultural resources and ecological conservation subsidies to support agro-ecological conservation projects such as crop rotation, the integrated use of straws and the release of fish, without reference to river drains, trace sources of pollution or the construction of regulatory systems.""}
```; ```json
{""classification"":""No"",""reason"":""The financial resources mentioned in the description were used for subsidies for agricultural resources and ecological conservation, crop rotation, combined use of straws and fish release, and did not cover such aspects as river cleaning, garbage recovery or cleaning.""}
```; ```json
{""classification"":""No"",""reason"":""The funds referred to in the description are not directly related to physical management projects such as riverine projects and the construction of tailwater collection pipes in the measures, such as conservation of agricultural resources and ecology, crop rotation, straw use and fish release.""}
```; ```json
{""classification"":""No"",""reason"":""The description refers to the use of funds for agricultural resources and ecological conservation, crop rotations, cropping cycles and fish exiles, which are not directly related to specific measures such as the siltation of rivers and the emptiness of reservoirs.""}
```; The financial resources mentioned in the description were used for agricultural resources and ecological conservation, crop rotation, straw use and fish release, without reference to the operation of the algae-water security station, the use of condensants or the safeguarding of water exit indicators.; ```json
{""classification"":""No"",""reason"":""The subsidies mentioned in the description were used for agricultural resources and ecological conservation, crop rotation, straw use and fish migration, without reference to emergency disposal or mobile algae-water security equipment.""}
```; ```json
{""classification"":""No"",""reason"":""The description does not refer to specific actions for manual cleaning of cyanobacteria, aquatic plants or lakeside waste, but focuses on agricultural resource conservation, crop rotation, straw use and fish release, which is not consistent with the immediate content of the measures.""}
```; ```json
{""classification"":""No"",""reason"":""Description refers to free fish 1788 Mantails, but the species that are released include fish that are unique to areas such as the white fish, the pip pool, etc., and the `embracing leachate' specifically called for in the measures. Fish 200 Mantail 's species types do not match, and no reference is made to in situ pressure-controlled deep algae well construction.""}
```; ```json
{""classification"":""No"",""reason"":""The funds mentioned in the description were used for agricultural resources and ecological conservation, including crop rotation, pilot planting, straw use and fish release, but no reference was made to measures related to bottom treatment of lakes, such as preparation of a five-year action programme, de-slub testing, etc.""}
```",0
"Third instalment of one-time subsidies for farmers of actual grains at the central and provincial levels; and third instalment of one-time subsidies for farmers of actual grains at Yunnan Province 31012 Ten Thousand CNY, provincial support funds 15508 I'm sorry. 46520 I'm sorry. Target: Real farmers who bear the cost of higher agricultural prices. Subsidy basis: Subsidized area measured according to area reported to be planted for autumn food 4827.92 ♪ Ten thousand mu ♪ 886.65 I'm sorry. 3941.27 I'm sorry. ; third instalment of one-time subsidies for farmers who actually grow food 46520 Ten Thousand CNY is all paid.",0,0,0,0,0,0,0,0,0,0,0,0,0,0,0,0,0,0,0,0,0,0,0,"```json
{""classification"":""No"",""reason"":""The funds mentioned in the description are used to subsidize farmers who actually grow food, not in connection with the construction of a network of sewage and drainage for urban life.""}
```","The description refers to the use of funds for “one-off subsidies for farmers who actually grow food”, which are based on the area planted for autumn grains and are not related to the measure of the Sewer network.","```json
{""classification"":""No"",""reason"":""The funds mentioned in the description are used to provide a one-off subsidy to farmers who actually grow food, independently of measures to build a network of sewage and drainage for rural households.""}
```","```json
{""classification"":""No"",""reason"":""The funds mentioned in the description were used for a one-off subsidy for actual food farmers, not related to the emergency treatment of rural sewage in the measure.""}
```","```json
{""classification"":""No"",""reason"":""The description refers to the use of funds to subsidize farmers who actually grow food, independently of the decentralized treatment of sewage in rural areas.""}
```","The description refers to “one-off subsidies for farmers who actually grow food”, which are intended to compensate for the cost of higher agricultural prices, independently of the measures of expansion.","```json
{""classification"":""No"",""reason"":""The funds mentioned in the description were used for a one-time subsidy for actual food farmers and were not related to the adaptation of the waterwater supply.""}
```","```json
{""classification"":""No"",""reason"":""The description refers to funds earmarked for the subsidy of actual food farmers to compensate for the increase in the cost of farming, not related to the project on water tailings wetlands.""}
```","```json
{""classification"":""No"",""reason"":""The subsidy is based on the area planted in autumn grains, including rice and other autumn crops, without reference to the promotion of environmentally friendly crops or restrictions on traditional field vegetable cultivation.""}
```","```json
{""classification"":""No"",""reason"":""The description refers to the use of subsidies as `covering the cost of higher agricultural prices' and does not mention elements related to substitution of organic fertilizers or green controls.""}
```","Subsidized funds are used to compensate for the cost of increasing the price of agricultural resources on the basis of sowing area, without reference to the application of modern agricultural technologies such as the installation of insulated agricultural facilities and the construction of the high-standard farmland.","The description refers to a food subsidy fund to subsidize the cost of farming for the actual food growers, independently of savings and construction.","```json
{""classification"":""No"",""reason"":""The description refers to the use of subsidies for the cost of farming for the actual food growers, and does not mention, for example, the construction of water recycling facilities or the area covered by agricultural irrigation in connection with water reclamation projects.""}
```",The funds mentioned in the description are a one-time subsidy for actual food farmers and are not related to the installation of mobile integrated treatment facilities and transportation costs.,"The description refers to subsidized funds for actual food farmers, which are used to subsidize the cost of higher agricultural prices, independently of river drains and remediation measures.","```json
{""classification"":""No"",""reason"":""The funds mentioned in the description are used to subsidize farmers who actually grow food, and are not related to riverine cleaning measures.""}
```","```json
{""classification"":""No"",""reason"":""The funds referred to in the description are “one-off subsidies for farmers who actually grow food” and are specifically intended to subsidize food growers whose cost of farming has increased, and are not directly related to riverine projects.""}
```","```json
{""classification"":""No"",""reason"":""The funds mentioned in the description are used to subsidize farmers who actually grow food and are not related to river silting measures.""}
```","```json
{""classification"":""No"",""reason"":""The funds described were used for a one-off subsidy for actual food farmers, not related to the operation of the algae-water station.""}
```","```json
{""classification"":""No"",""reason"":""The description refers to subsidized funds for actual food farmers to cope with rising farm prices, which are not directly related to the funding of emergency disposal equipment in the caanobacteria.""}
```","```json
{""classification"":""No"",""reason"":""The description refers to the actual food farmer subsidy funds used to cope with the cost of higher agricultural prices, which are not directly linked to measures to clean up and reduce pollution from internal sources.""}
```","```json
{""classification"":""No"",""reason"":""The funds mentioned in the description are used to subsidize farmers who actually grow food, on the basis of the area planted for autumn grain, not related to measures to control the construction of deep algal wells and the release of fish.""}
```","```json
{""classification"":""No"",""reason"":""The funds mentioned in the description were used as a one-off subsidy for actual food farmers and were not related to measures for treatment of lake bottom mud.""}
```","```json
{""classification"":""No"",""reason"":""The funds mentioned in the description are used to subsidize farmers who actually grow food, not in connection with the construction of a network of sewage and drainage for urban life.""}
```; The description refers to the use of funds for “one-off subsidies for farmers who actually grow food”, which are based on the area planted for autumn grains and are not related to the measure of the Sewer network.; ```json
{""classification"":""No"",""reason"":""The funds mentioned in the description are used to provide a one-off subsidy to farmers who actually grow food, independently of measures to build a network of sewage and drainage for rural households.""}
```; ```json
{""classification"":""No"",""reason"":""The funds mentioned in the description were used for a one-off subsidy for actual food farmers, not related to the emergency treatment of rural sewage in the measure.""}
```; ```json
{""classification"":""No"",""reason"":""The description refers to the use of funds to subsidize farmers who actually grow food, independently of the decentralized treatment of sewage in rural areas.""}
```; The description refers to “one-off subsidies for farmers who actually grow food”, which are intended to compensate for the cost of higher agricultural prices, independently of the measures of expansion.; ```json
{""classification"":""No"",""reason"":""The funds mentioned in the description were used for a one-time subsidy for actual food farmers and were not related to the adaptation of the waterwater supply.""}
```; ```json
{""classification"":""No"",""reason"":""The description refers to funds earmarked for the subsidy of actual food farmers to compensate for the increase in the cost of farming, not related to the project on water tailings wetlands.""}
```; ```json
{""classification"":""No"",""reason"":""The subsidy is based on the area planted in autumn grains, including rice and other autumn crops, without reference to the promotion of environmentally friendly crops or restrictions on traditional field vegetable cultivation.""}
```; ```json
{""classification"":""No"",""reason"":""The description refers to the use of subsidies as `covering the cost of higher agricultural prices' and does not mention elements related to substitution of organic fertilizers or green controls.""}
```; Subsidized funds are used to compensate for the cost of increasing the price of agricultural resources on the basis of sowing area, without reference to the application of modern agricultural technologies such as the installation of insulated agricultural facilities and the construction of the high-standard farmland.; The description refers to a food subsidy fund to subsidize the cost of farming for the actual food growers, independently of savings and construction.; ```json
{""classification"":""No"",""reason"":""The description refers to the use of subsidies for the cost of farming for the actual food growers, and does not mention, for example, the construction of water recycling facilities or the area covered by agricultural irrigation in connection with water reclamation projects.""}
```; The funds mentioned in the description are a one-time subsidy for actual food farmers and are not related to the installation of mobile integrated treatment facilities and transportation costs.; The description refers to subsidized funds for actual food farmers, which are used to subsidize the cost of higher agricultural prices, independently of river drains and remediation measures.; ```json
{""classification"":""No"",""reason"":""The funds mentioned in the description are used to subsidize farmers who actually grow food, and are not related to riverine cleaning measures.""}
```; ```json
{""classification"":""No"",""reason"":""The funds referred to in the description are “one-off subsidies for farmers who actually grow food” and are specifically intended to subsidize food growers whose cost of farming has increased, and are not directly related to riverine projects.""}
```; ```json
{""classification"":""No"",""reason"":""The funds mentioned in the description are used to subsidize farmers who actually grow food and are not related to river silting measures.""}
```; ```json
{""classification"":""No"",""reason"":""The funds described were used for a one-off subsidy for actual food farmers, not related to the operation of the algae-water station.""}
```; ```json
{""classification"":""No"",""reason"":""The description refers to subsidized funds for actual food farmers to cope with rising farm prices, which are not directly related to the funding of emergency disposal equipment in the caanobacteria.""}
```; ```json
{""classification"":""No"",""reason"":""The description refers to the actual food farmer subsidy funds used to cope with the cost of higher agricultural prices, which are not directly linked to measures to clean up and reduce pollution from internal sources.""}
```; ```json
{""classification"":""No"",""reason"":""The funds mentioned in the description are used to subsidize farmers who actually grow food, on the basis of the area planted for autumn grain, not related to measures to control the construction of deep algal wells and the release of fish.""}
```; ```json
{""classification"":""No"",""reason"":""The funds mentioned in the description were used as a one-off subsidy for actual food farmers and were not related to measures for treatment of lake bottom mud.""}
```",0
"(b) Provincial support for agricultural insurance premiums; 2021 Target: seek insurance coverage in the plantation sector 2000 I mean, ten thousand mu, of which rice, wheat, corn. 3 Major food crops covered 1600 You've reached the coverage. 40 % and above; number of farm insurance coverage reached 1200 10,000 head; farmer satisfaction 80 % Over. 2022 Target: Plantation coverage reached 3800 I mean, ten thousand mu, of which rice, wheat, corn. 3 Major food crops covered 2900 I mean, you know, I mean, you know, you know, I mean, you know, you know, you know, you know, you know, you know, you know, you know, you know, you know, you know, you know, you know, you know, you know, you know, you know, you know, you know, you know, you know, you know, you know, you know, you know, you know, you know, you know, you know, you know, you know, you know, you know, you know, you know, you know, you know, you know, you know, you know, you know, you know, you know, you know, you know, you know, you, you know, you know, you know, you're kind, you know, you know, you know, you know, you know, you know, you know, you know, you know, you know, you know, you know, you know, you know, you, you know, you know, you know, you, you know, you know, 70 % and above; number of farm insurance coverage reached 850 10,000 head; farmer satisfaction 80 % Over. 2023 Year target: Growing and farming insurance coverage has steadily increased and agricultural insurance has continued to provide efficiency gains. ; First, plantation insurance completed 2339.9 I'm sorry. 2020 Year 2255.7 I mean, ten thousand mu, plus 84.2 I'm sorry. 3.7 %, excess of performance indicator at the beginning of the year. Of which, rice 251.9 I'm sorry. 25 I'm sorry, I'm sorry. 1402.1 I'm sorry. 92.1 I'm sorry. 191.9 I'm going to get you some sugar cane. 235.4 I'm sorry. 137.2 And rice, corn, wheat. 3 Major food crop planting insurance 4.3 Ten thousand mu; Second, farming insured 1256.9 The heads, with 2020 Year 873.7 More than 10,000 head. 383.2 Huan-tao! 43.9 %, excess of performance indicator at the beginning of the year. Among them, there's a lot of pigs. 284 Big heads, fat pigs. 956.6 Big heads, cows. 16.4 10,000 head; Third, insurance coverage for Tibetan species. Green 3.9 I'm a oxen. 10 He's a sheep. 28.6 Ten thousand.
 2 Analysis of the status of achievement of the effectiveness indicators. 2021 Annual Agricultural Policy Insurance provides risk security for agriculture across the province 287.03 ""Hundred million CNY, 2020 Year 268.7 increase 18.33 hundred million CNY, add 6.8 % completion of the indicators of achievement for the beginning of the year. Involving insured farmers 680.2 Ten thousand households; absolute exemption rate 0 Completion of indicator of achievement at the beginning of the year; feedback from relevant underwriters on the rate of combined agricultural insurance costs 18.3 - 19.5 % of total cost of completing agricultural insurance at the beginning of the year 20 % indicator.",0,0,0,0,0,0,0,0,0,0,0,0,0,0,0,0,0,0,0,0,0,0,0,"```json
{""classification"":""No"",""reason"":""The description covers only agricultural insurance contributions and insurance coverage, and does not refer to anything related to the construction of a secure network, to the construction of a stormwater-sewage network or to the census of old networks.""}
```","```json
{""classification"":""No"",""reason"":""The description does not mention anything related to the inspection of the municipal sewage network, the CCTV/QV technical survey, the establishment of the GIS system or the review of the network, all of which is focused on subsidies for agricultural insurance premiums and the objectives of insurance coverage.""}
```","```json
{""classification"":""No"",""reason"":""The description does not refer to the construction of a sewerage network in rural areas, but relates only to agricultural insurance contributions and insurance coverage.""}
```","```json
{""classification"":""No"",""reason"":""The funds mentioned in the description are used to supplement the agricultural insurance premium and are not directly related to the emergency treatment of sewage and water in rural areas. The text deals mainly with the area covered and the indicators of efficiency in the cultivation and farming industries, and does not cover the transport of sewage treatment facilities or related works.""}
```","```json
{""classification"":""No"",""reason"":""The description deals mainly with subsidies for agricultural insurance premiums and the fulfilment of insurance objectives, without any reference to construction or financial inputs related to the decentralized treatment of sewage from rural communities.""}
```","```json
{""classification"":""No"",""reason"":""The contents of the description are entirely focused on premium subsidies for agricultural insurance, the size of insurance coverage, the number of farm insurance coverage and the indicators of efficiency, and there is no reference to anything related to extension, upgrading of processing capacity or water quality standards.""}
```","```json
{""classification"":""No"",""reason"":""The description covers only provincial subsidies for agricultural insurance premiums and their coverage in the growing and farming industries, and does not mention anything related to the adaptation of the waterwater management scheme.""}
```","```json
{""classification"":""No"",""reason"":""The description focuses on the payment of insurance premiums and the fulfilment of insurance objectives, without reference to the construction of a wet water tailings wetland or associated ecological purification projects.""}
```","The description deals only with subsidies for agricultural insurance premiums and the increase in the number of insured areas, and does not mention the promotion of environmentally friendly crops or the control of the area under traditional vegetable cultivation, which is not directly related to the restructuring measures for cultivation.","```json
{""classification"":""No"",""reason"":""The description is mainly concerned with coverage, quantity and efficiency indicators for agricultural insurance, with no reference to organic fertilizers as substitutes for fertilizers or to the Green Control Model.""}
```","```json
{""classification"":""No"",""reason"":""The description covers only agricultural insurance contributions and insurance coverage, without reference to specific measures such as the integraded insurance and insurance facilities, the construction of a high-standard farmland and the reform of agricultural water prices.""}
```","```json
{""classification"":""No"",""reason"":""The description covers only agricultural insurance premium subsidies and insurance coverage and does not refer to elements related to the construction of savings belts, the management of gates or the blockage system.""}
```","```json
{""classification"":""No"",""reason"":""The description covers only agricultural insurance premium subsidies and insurance coverage, and does not mention any financial inputs or project elements related to water recycling projects or recharge.""}
```","```json
{""classification"":""No"",""reason"":""The description is mainly concerned with agricultural insurance premiums and insurance coverage, not related to the transfer of water treatment facilities.""}
```","```json
{""classification"":""No"",""reason"":""The description does not mention anything related to river drain clearance, remediation or retroactivity of pollution sources, but rather focuses on supporting subsidies for agricultural insurance premiums and their coverage.""}
```","```json
{""classification"":""No"",""reason"":""The description deals mainly with agricultural insurance premium subsidies and insurance coverage, and does not mention anything related to river cleaning, garbage recovery or river bank maintenance.""}
```","```json
{""classification"":""No"",""reason"":""The funds mentioned in the description were used for the purpose of supporting the agricultural insurance premiums at the provincial level, in respect of the area covered and the risk insurance in the plantation and farming industries, without reference to the riverine projects, the height of the river embankment and the construction of tailwater collection pipes, which were directly related to the measures.""}
```","```json
{""classification"":""No"",""reason"":""The funds referred to in the description were used for the provincial support of agricultural insurance premiums, in terms of the size, quantity and satisfaction of insurance coverage in the growing and farming industries, and did not mention the elements related to the silting of rivers, the empting of reservoirs or the reduction of pollution loads.""}
```","```json
{""classification"":""No"",""reason"":""The description covers the subsidy and coverage of agricultural insurance, not related to the operation of the algae-water station.""}
```","```json
{""classification"":""No"",""reason"":""The description is mainly concerned with subsidies for agricultural insurance premiums, coverage areas and efficiency indicators, and does not refer to elements related to emergency disposal or mobile algae-water security equipment.""}
```","The description does not refer to manual clean-up of lake cyanobacteria, aquatic plant residues or reduction of internal sources of pollution, but rather to statistical analysis of agricultural insurance premiums and insurance coverage.","The funds referred to in the description are used to supplement the agricultural insurance premium, which relates to the objectives and completion of insurance coverage in the growing and farming industries and is not directly related to deep well construction in the in situ algae control measures and fish breeding.","```json
{""classification"":""No"",""reason"":""The description deals with subsidies for agricultural insurance premiums and the achievement of insurance targets, not related to the treatment of lake bottom mud and water eco-remediation techniques.""}
```","```json
{""classification"":""No"",""reason"":""The description covers only agricultural insurance contributions and insurance coverage, and does not refer to anything related to the construction of a secure network, to the construction of a stormwater-sewage network or to the census of old networks.""}
```; ```json
{""classification"":""No"",""reason"":""The description does not mention anything related to the inspection of the municipal sewage network, the CCTV/QV technical survey, the establishment of the GIS system or the review of the network, all of which is focused on subsidies for agricultural insurance premiums and the objectives of insurance coverage.""}
```; ```json
{""classification"":""No"",""reason"":""The description does not refer to the construction of a sewerage network in rural areas, but relates only to agricultural insurance contributions and insurance coverage.""}
```; ```json
{""classification"":""No"",""reason"":""The funds mentioned in the description are used to supplement the agricultural insurance premium and are not directly related to the emergency treatment of sewage and water in rural areas. The text deals mainly with the area covered and the indicators of efficiency in the cultivation and farming industries, and does not cover the transport of sewage treatment facilities or related works.""}
```; ```json
{""classification"":""No"",""reason"":""The description deals mainly with subsidies for agricultural insurance premiums and the fulfilment of insurance objectives, without any reference to construction or financial inputs related to the decentralized treatment of sewage from rural communities.""}
```; ```json
{""classification"":""No"",""reason"":""The contents of the description are entirely focused on premium subsidies for agricultural insurance, the size of insurance coverage, the number of farm insurance coverage and the indicators of efficiency, and there is no reference to anything related to extension, upgrading of processing capacity or water quality standards.""}
```; ```json
{""classification"":""No"",""reason"":""The description covers only provincial subsidies for agricultural insurance premiums and their coverage in the growing and farming industries, and does not mention anything related to the adaptation of the waterwater management scheme.""}
```; ```json
{""classification"":""No"",""reason"":""The description focuses on the payment of insurance premiums and the fulfilment of insurance objectives, without reference to the construction of a wet water tailings wetland or associated ecological purification projects.""}
```; The description deals only with subsidies for agricultural insurance premiums and the increase in the number of insured areas, and does not mention the promotion of environmentally friendly crops or the control of the area under traditional vegetable cultivation, which is not directly related to the restructuring measures for cultivation.; ```json
{""classification"":""No"",""reason"":""The description is mainly concerned with coverage, quantity and efficiency indicators for agricultural insurance, with no reference to organic fertilizers as substitutes for fertilizers or to the Green Control Model.""}
```; ```json
{""classification"":""No"",""reason"":""The description covers only agricultural insurance contributions and insurance coverage, without reference to specific measures such as the integraded insurance and insurance facilities, the construction of a high-standard farmland and the reform of agricultural water prices.""}
```; ```json
{""classification"":""No"",""reason"":""The description covers only agricultural insurance premium subsidies and insurance coverage and does not refer to elements related to the construction of savings belts, the management of gates or the blockage system.""}
```; ```json
{""classification"":""No"",""reason"":""The description covers only agricultural insurance premium subsidies and insurance coverage, and does not mention any financial inputs or project elements related to water recycling projects or recharge.""}
```; ```json
{""classification"":""No"",""reason"":""The description is mainly concerned with agricultural insurance premiums and insurance coverage, not related to the transfer of water treatment facilities.""}
```; ```json
{""classification"":""No"",""reason"":""The description does not mention anything related to river drain clearance, remediation or retroactivity of pollution sources, but rather focuses on supporting subsidies for agricultural insurance premiums and their coverage.""}
```; ```json
{""classification"":""No"",""reason"":""The description deals mainly with agricultural insurance premium subsidies and insurance coverage, and does not mention anything related to river cleaning, garbage recovery or river bank maintenance.""}
```; ```json
{""classification"":""No"",""reason"":""The funds mentioned in the description were used for the purpose of supporting the agricultural insurance premiums at the provincial level, in respect of the area covered and the risk insurance in the plantation and farming industries, without reference to the riverine projects, the height of the river embankment and the construction of tailwater collection pipes, which were directly related to the measures.""}
```; ```json
{""classification"":""No"",""reason"":""The funds referred to in the description were used for the provincial support of agricultural insurance premiums, in terms of the size, quantity and satisfaction of insurance coverage in the growing and farming industries, and did not mention the elements related to the silting of rivers, the empting of reservoirs or the reduction of pollution loads.""}
```; ```json
{""classification"":""No"",""reason"":""The description covers the subsidy and coverage of agricultural insurance, not related to the operation of the algae-water station.""}
```; ```json
{""classification"":""No"",""reason"":""The description is mainly concerned with subsidies for agricultural insurance premiums, coverage areas and efficiency indicators, and does not refer to elements related to emergency disposal or mobile algae-water security equipment.""}
```; The description does not refer to manual clean-up of lake cyanobacteria, aquatic plant residues or reduction of internal sources of pollution, but rather to statistical analysis of agricultural insurance premiums and insurance coverage.; The funds referred to in the description are used to supplement the agricultural insurance premium, which relates to the objectives and completion of insurance coverage in the growing and farming industries and is not directly related to deep well construction in the in situ algae control measures and fish breeding.; ```json
{""classification"":""No"",""reason"":""The description deals with subsidies for agricultural insurance premiums and the achievement of insurance targets, not related to the treatment of lake bottom mud and water eco-remediation techniques.""}
```",0
"(a) Provincial support for agricultural insurance premiums; work programme for Yunnan Province on the implementation of the Central Financial Insurance Subsidized Agricultural Insurance (CSP) 2021 - 2023 I'm sure it's clear. 2022 Target: Plantation coverage reached 3800 I mean, ten thousand mu, of which rice, wheat, corn. 3 Major food crops covered 2900 I mean, you know, I mean, you know, you know, I mean, you know, you know, you know, you know, you know, you know, you know, you know, you know, you know, you know, you know, you know, you know, you know, you know, you know, you know, you know, you know, you know, you know, you know, you know, you know, you know, you know, you know, you know, you know, you know, you know, you know, you know, you know, you know, you know, you know, you know, you know, you know, you know, you know, you know, you know, you know, you, you know, you know, you know, you're kind, you know, you know, you know, you know, you know, you know, you know, you know, you know, you know, you know, you know, you know, you know, you, you know, you know, you know, you, you know, you know, 70 % and above; number of farm insurance coverage reached 850 10,000 head; farmer satisfaction 85 % Over. 2023 Target: Plantation coverage reached 3800 I mean, ten thousand mu, of which rice, wheat, corn. 3 Major food crops covered 2900 I mean, you know, I mean, you know, you know, I mean, you know, you know, you know, you know, you know, you know, you know, you know, you know, you know, you know, you know, you know, you know, you know, you know, you know, you know, you know, you know, you know, you know, you know, you know, you know, you know, you know, you know, you know, you know, you know, you know, you know, you know, you know, you know, you know, you know, you know, you know, you know, you know, you know, you know, you know, you know, you, you know, you know, you know, you're kind, you know, you know, you know, you know, you know, you know, you know, you know, you know, you know, you know, you know, you know, you know, you, you know, you know, you know, you, you know, you know, 70 % and above; number of farm insurance coverage reached 850 10,000 head; farmer satisfaction 85 % Over. 2023 Year-- 2024 Year target: Growing and farming insurance coverage has steadily increased and agricultural insurance has continued to provide efficiency gains. ; 2022 Yearwide 860.2 Tens of thousands of agricultural households are insured in agriculture and in the rice sector, etc. 2554.5 ten thousand mu; insurance for breeding, etc. 1099.3 Thousand heads (only); insurance institutions provide risk protection of up to 334.6 ""Hundred million CNY hundred million CNY, 2021 Year 287.03 increase 18.33 hundred million CNY, add 6.8 %.",0,0,0,0,0,0,0,0,0,0,0,0,0,0,0,0,0,0,0,0,0,0,0,"```json
{""classification"":""No"",""reason"":""The description deals with the funding of the agricultural insurance premiums and the objectives of the insurance coverage, not related to the construction of a security network.""}
```","```json
{""classification"":""No"",""reason"":""The funds referred to in the description were used to supplement the agricultural insurance premium, independently of the measure of sewer network.""}
```","```json
{""classification"":""No"",""reason"":""The description does not refer to the construction of a network of sewerage and drainage in rural areas, but focuses on the financing of the agricultural insurance premiums and the objectives of the insurance.""}
```","The agricultural insurance subsidy referred to in the description is not related to emergency measures for the treatment of sewage and water in rural areas, but mainly relates to farming, farming and insurance objectives and the amount of risk insurance, and does not cover inputs related to environmental management, such as sewage collection and the transport of treatment facilities.","```json
{""classification"":""No"",""reason"":""The funds referred to in the description are used to supplement the agricultural insurance premium, which covers insurance coverage and risk protection in the farming and farming industries, independently of the decentralized treatment of sewage for rural life.""}
```","```json
{""classification"":""No"",""reason"":""The description refers to the funding of the provincial subsidy for agricultural insurance premiums and the objectives of agricultural insurance coverage, independently of the measures of expansion.""}
```","```json
{""classification"":""No"",""reason"":""The funds mentioned in the description are used as provincial support for agricultural insurance premiums and are not related to the renovation of the waterwater scheme.""}
```","```json
{""classification"":""No"",""reason"":""The description covers only agricultural insurance premium subsidies and insurance targets, and does not mention investments or content related to the water tailings wetlands.""}
```","```json
{""classification"":""No"",""reason"":""The agricultural insurance mentioned in the description is mainly concerned with the coverage and coverage of staple crops such as rice, wheat and maize, with no explicit reference to the promotion of environmentally friendly, ecologically friendly crops or the control of traditional open-land vegetable cultivation.""}
```","```json
{""classification"":""No"",""reason"":""The description refers to agricultural insurance premium subsidies and insurance targets, which are not directly linked to specific environmental governance measures such as “substitution of organic fertilizers” and “green control demonstration”.""}
```","```json
{""classification"":""No"",""reason"":""The description refers to the financing of the agricultural insurance premiums and the objectives of the insurance coverage at the provincial level, and does not refer to the content of the integradation and rehabilitation facilities, the construction of the high-standard farmland or the reform of agricultural water prices.""}
```","```json
{""classification"":""No"",""reason"":""The description, which deals with agricultural insurance premium subsidies and insurance targets, is not directly related to eco-hydroengineering measures such as belt-building and gate management.""}
```","```json
{""classification"":""No"",""reason"":""The description refers to agricultural insurance premium subsidies and insurance data, with no reference to recharge, water works or recycling.""}
```","The description deals with agricultural insurance premium subsidies and insurance targets, which are not directly related to the installation of water treatment facilities and transport financing.","```json
{""classification"":""No"",""reason"":""The description deals with subsidies for agricultural insurance premiums and the objectives of insurance coverage, not related to the rehabilitation of river drains.""}
```","```json
{""classification"":""No"",""reason"":""The funds referred to in the description were used for the provincial subsidy of agricultural insurance premiums, not related to riverine cleaning measures. The content is mainly concerned with the objectives and effectiveness of insurance coverage in the farming and farming industries, without reference to such tasks as the cleaning and inspection of riverways.""}
```","The funds referred to in the description are used to finance insurance premiums in agriculture and relate to the objectives of insurance coverage in the growing and farming industries and are not related to riverine management in the measures, such as riverine projects and pollution interdiction.","```json
{""classification"":""No"",""reason"":""The funds mentioned in the description are used for insurance premiums in agriculture and relate to the objectives of insurance in the growing and farming industries and are not related to measures such as the silting of rivers and the improvement of water quality.""}
```","```json
{""classification"":""No"",""reason"":""The description refers only to agricultural insurance premium subsidies and insurance targets, and does not address the operational aspects of the construction of the algae-water site.""}
```","```json
{""classification"":""No"",""reason"":""The description covers only agricultural insurance premium subsidies and insurance targets, and does not mention anything related to emergency disposal or mobile algae-water security equipment.""}
```","The funds mentioned in the description are used for the provincial subsidy of agricultural insurance premiums, which is not directly related to environmental management measures such as manual clean-up of lake-nexionalnobacteria.","```json
{""classification"":""No"",""reason"":""The description covers only agricultural insurance premium subsidies and insurance targets, and does not refer to anything related to the construction of controlled algae wells or to the increase of leachate.""}
```","The description deals with agricultural insurance premium subsidies and coverage targets, not related to lake bottom mud treatment measures.","```json
{""classification"":""No"",""reason"":""The description deals with the funding of the agricultural insurance premiums and the objectives of the insurance coverage, not related to the construction of a security network.""}
```; ```json
{""classification"":""No"",""reason"":""The funds referred to in the description were used to supplement the agricultural insurance premium, independently of the measure of sewer network.""}
```; ```json
{""classification"":""No"",""reason"":""The description does not refer to the construction of a network of sewerage and drainage in rural areas, but focuses on the financing of the agricultural insurance premiums and the objectives of the insurance.""}
```; The agricultural insurance subsidy referred to in the description is not related to emergency measures for the treatment of sewage and water in rural areas, but mainly relates to farming, farming and insurance objectives and the amount of risk insurance, and does not cover inputs related to environmental management, such as sewage collection and the transport of treatment facilities.; ```json
{""classification"":""No"",""reason"":""The funds referred to in the description are used to supplement the agricultural insurance premium, which covers insurance coverage and risk protection in the farming and farming industries, independently of the decentralized treatment of sewage for rural life.""}
```; ```json
{""classification"":""No"",""reason"":""The description refers to the funding of the provincial subsidy for agricultural insurance premiums and the objectives of agricultural insurance coverage, independently of the measures of expansion.""}
```; ```json
{""classification"":""No"",""reason"":""The funds mentioned in the description are used as provincial support for agricultural insurance premiums and are not related to the renovation of the waterwater scheme.""}
```; ```json
{""classification"":""No"",""reason"":""The description covers only agricultural insurance premium subsidies and insurance targets, and does not mention investments or content related to the water tailings wetlands.""}
```; ```json
{""classification"":""No"",""reason"":""The agricultural insurance mentioned in the description is mainly concerned with the coverage and coverage of staple crops such as rice, wheat and maize, with no explicit reference to the promotion of environmentally friendly, ecologically friendly crops or the control of traditional open-land vegetable cultivation.""}
```; ```json
{""classification"":""No"",""reason"":""The description refers to agricultural insurance premium subsidies and insurance targets, which are not directly linked to specific environmental governance measures such as “substitution of organic fertilizers” and “green control demonstration”.""}
```; ```json
{""classification"":""No"",""reason"":""The description refers to the financing of the agricultural insurance premiums and the objectives of the insurance coverage at the provincial level, and does not refer to the content of the integradation and rehabilitation facilities, the construction of the high-standard farmland or the reform of agricultural water prices.""}
```; ```json
{""classification"":""No"",""reason"":""The description, which deals with agricultural insurance premium subsidies and insurance targets, is not directly related to eco-hydroengineering measures such as belt-building and gate management.""}
```; ```json
{""classification"":""No"",""reason"":""The description refers to agricultural insurance premium subsidies and insurance data, with no reference to recharge, water works or recycling.""}
```; The description deals with agricultural insurance premium subsidies and insurance targets, which are not directly related to the installation of water treatment facilities and transport financing.; ```json
{""classification"":""No"",""reason"":""The description deals with subsidies for agricultural insurance premiums and the objectives of insurance coverage, not related to the rehabilitation of river drains.""}
```; ```json
{""classification"":""No"",""reason"":""The funds referred to in the description were used for the provincial subsidy of agricultural insurance premiums, not related to riverine cleaning measures. The content is mainly concerned with the objectives and effectiveness of insurance coverage in the farming and farming industries, without reference to such tasks as the cleaning and inspection of riverways.""}
```; The funds referred to in the description are used to finance insurance premiums in agriculture and relate to the objectives of insurance coverage in the growing and farming industries and are not related to riverine management in the measures, such as riverine projects and pollution interdiction.; ```json
{""classification"":""No"",""reason"":""The funds mentioned in the description are used for insurance premiums in agriculture and relate to the objectives of insurance in the growing and farming industries and are not related to measures such as the silting of rivers and the improvement of water quality.""}
```; ```json
{""classification"":""No"",""reason"":""The description refers only to agricultural insurance premium subsidies and insurance targets, and does not address the operational aspects of the construction of the algae-water site.""}
```; ```json
{""classification"":""No"",""reason"":""The description covers only agricultural insurance premium subsidies and insurance targets, and does not mention anything related to emergency disposal or mobile algae-water security equipment.""}
```; The funds mentioned in the description are used for the provincial subsidy of agricultural insurance premiums, which is not directly related to environmental management measures such as manual clean-up of lake-nexionalnobacteria.; ```json
{""classification"":""No"",""reason"":""The description covers only agricultural insurance premium subsidies and insurance targets, and does not refer to anything related to the construction of controlled algae wells or to the increase of leachate.""}
```; The description deals with agricultural insurance premium subsidies and coverage targets, not related to lake bottom mud treatment measures.",0
"2022 (b) The launch of a special fund in the city of Tonghai County for integrated drainage rehabilitation projects in the year; Change base according to circulation. 2021 〕 79 Quantification arrangements for the report on the feasibility study on integrated drainage rehabilitation in the city of Tonghai County, to initiate the implementation of integrated drainage rehabilitation in the city of Tonghai County, for the old and new urban areas, Kinshan, Long River, 61st, large trees, Yellow Dragon, East Village 7 Implementation of the upgrading of municipal roads in communities and built-up areas and the construction of a rain-contaminated network 496 km. Work is also under way on the original water supply project (the original water pipeline of the West Water Plant in Longage Road, the expansion of the West Water Plant in the city, the renovation of the Konga Cemetery Water Plant, the conversion of the pump frequency at the Tommen Tree Pumping Station and the rehabilitation of the distribution network). Eight journeys have been completed, gold mountains, long rivers, 61, 10,000 homes, trees, yellow dragons, rain-contaminated networks in East Village communities Set 162.64 km .",1,0,0,0,0,0,0,0,0,0,0,0,0,0,0,0,0,0,0,0,0,0,0,"The description refers to “implementing the construction of a rain-contaminated tube network 496 km and “stormwater-sewage adaptation” and the measure “improvement of the network of stormwater-sewage sanitation in the ancient town of Naqoura” 2200 Rice, rain pipes. 800 This is directly related to the construction of a well-established municipal sewage collection network.","The description refers to the construction of a rain-contaminated network. 496 The installation of km and the Community Network is part of the construction of the new Network, and the measures require that the existing Network be overhauled by the CCTV Census, which is different in nature.","```json
{""classification"":""No"",""reason"":""The retroming and network construction involved in the description are directed at the old and new urban areas. 7 The construction of urban areas, such as communities, rather than rural natural villages, and the expansion of running water plants and the construction of water supply projects do not correspond to the scope of the measures in rural areas.""}
```","```json
{""classification"":""No"",""reason"":""The projects mentioned in the description, which are aimed primarily at urban areas and the communities that have been built, are being upgraded and built into the network, and are not directly linked to the emergency treatment and integrated infrastructure of the measures targeted at the villages that have not been built.""}
```","```json
{""classification"":""No"",""reason"":""The projects mentioned in the description are mainly for urban and community-based rehabilitation and management of the network and are centralized, with no reference to the construction of decentralized treatment facilities in rural natural villages.""}
```","```json
{""classification"":""No"",""reason"":""The projects referred to in the description are mainly modification of the stormwater-sewage network, network construction, extension of the running water plant and retrofitting of the pumping station, without reference to the process modification or upgrading of the treatment capacity of the sewage treatment station in the town of Naqoura to 1000 cubic metres/day content.""}
```","```json
{""classification"":""No"",""reason"":""The description refers to the implementation of the modifications and the construction of the network, but does not refer to those directly related to the measures, such as the modification of the waterwater transition label, the construction of a new two-sink, a balloon or the adaptation of the AAO biochemical pool.""}
```","The description mainly concerned the upgrading of the stormwater-sewage security, the construction of a network and the expansion of the running water plant, without any reference to the endwater wetlands of the sewage plant or the use of the wetlands to cleanse the lake water quality.","```json
{""classification"":""No"",""reason"":""The funds mentioned in the description were used for integrated drainage rehabilitation projects, which involved the construction of networks, water plant expansion, etc., and were not related to crop restructuring.""}
```","```json
{""classification"":""No"",""reason"":""The description deals with integrated urban drainage rehabilitation projects, including the construction of a network and the expansion of running water plants, which are not directly related to the substitution of fertilizers and green controls in the measures.""}
```","```json
{""classification"":""No"",""reason"":""The projects referred to in the description are mainly urban for drainage and rehabilitation of the soilwater-sewage sector. They are part of the municipal infrastructure project and are not directly related to the application of agricultural technology in the measures, the construction of the high-standard farmland and the reform of agricultural water prices.""}
```","```json
{""classification"":""No"",""reason"":""The description is mainly concerned with the rehabilitation and construction of the network, with no explicit reference to the construction of ecological belts, the management of gates or the expansion of water storage capacity.""}
```","```json
{""classification"":""No"",""reason"":""The projects referred to in the description were mainly the modification of the soilwater-sewage sector, the original water supply project, the extension of the water plant and the re-engineering of the network, and did not mention the re-use or treatment of water for agricultural irrigation.""}
```","```json
{""classification"":""No"",""reason"":""The projects referred to in the description relate mainly to infrastructure works such as the upgrading of the stormwater-sewage security, the construction of the network and the expansion of the water plant, and do not mention specific measures such as the installation of mobile integrated treatment facilities or the discharge of water quality above level IV.""}
```","```json
{""classification"":""No"",""reason"":""The funds referred to in the description were used for the rehabilitation and construction of the network and did not address such elements as river drains, remediation lists and trace sources of pollution.""}
```","```json
{""classification"":""No"",""reason"":""The description deals mainly with the upgrading of drainage systems, such as the upgrading of the stormwater-sewage network, the construction of a network and the expansion of water supply plants, and does not refer to elements directly related to the measures, such as river cleaning, garbage recovery or river inspection.""}
```","```json
{""classification"":""No"",""reason"":""The projects referred to in the description were mainly related to the upgrading of the stormwater-sewage security, the construction of a network and the expansion of the running water plant, and did not mention the rehabilitation of the river shore, the raising of the river dykes or the enhancement of pollution interdiction capacity.""}
```","The projects referred to in the description were concentrated mainly in the rehabilitation of the stormwater-sewage network, the construction of the network, the expansion of the water plant and the retrofitting of the pumping station, and did not mention the cleaning of the river, the maintenance of the belts or the reduction of the pollution load of the sludge.","```json
{""classification"":""No"",""reason"":""The funds referred to in the description are not directly related to the operation and maintenance of the algae-water station under the measures, such as the renovation of the Tormwater-sewage network, the construction of the network, the expansion of the water supply plant and the upgrading of the pumping station.""}
```","The projects referred to in the description were modifications of the stormwater-sewage security, network construction and extension of the water supply plant, and did not mention equipment such as mobile algae-water management devices and pressure-control algae vessels associated with emergency disposal of caanobacteria.","```json
{""classification"":""No"",""reason"":""The funds mentioned in the description were used for drainage works such as the upgrading of the stormwater-sewage network, the construction of the network and the expansion of the water plant, without reference to manual recovery of cyanobacteria, aquatic plants or separated algae mud.""}
```","```json
{""classification"":""No"",""reason"":""The projects referred to in the description relate mainly to the optimization of drainage systems, such as the retromwater-sewage retrofitting, the original water supply project and the extension of the water plant, and do not mention the content of the in situ controlled deep-algae well construction or the increase of the leachate.""}
```","```json
{""classification"":""No"",""reason"":""The projects referred to in the description, which relate mainly to the rehabilitation of the soilwater-sewage sector, the construction of a network and the expansion of a running water plant, are among those for the optimization of drainage systems, without reference to bottom treatment of lakes or related ecological rehabilitation measures.""}
```","The description refers to “implementing the construction of a rain-contaminated tube network 496 km and “stormwater-sewage adaptation” and the measure “improvement of the network of stormwater-sewage sanitation in the ancient town of Naqoura” 2200 Rice, rain pipes. 800 This is directly related to the construction of a well-established municipal sewage collection network.; The description refers to the construction of a rain-contaminated network. 496 The installation of km and the Community Network is part of the construction of the new Network, and the measures require that the existing Network be overhauled by the CCTV Census, which is different in nature.; ```json
{""classification"":""No"",""reason"":""The retroming and network construction involved in the description are directed at the old and new urban areas. 7 The construction of urban areas, such as communities, rather than rural natural villages, and the expansion of running water plants and the construction of water supply projects do not correspond to the scope of the measures in rural areas.""}
```; ```json
{""classification"":""No"",""reason"":""The projects mentioned in the description, which are aimed primarily at urban areas and the communities that have been built, are being upgraded and built into the network, and are not directly linked to the emergency treatment and integrated infrastructure of the measures targeted at the villages that have not been built.""}
```; ```json
{""classification"":""No"",""reason"":""The projects mentioned in the description are mainly for urban and community-based rehabilitation and management of the network and are centralized, with no reference to the construction of decentralized treatment facilities in rural natural villages.""}
```; ```json
{""classification"":""No"",""reason"":""The projects referred to in the description are mainly modification of the stormwater-sewage network, network construction, extension of the running water plant and retrofitting of the pumping station, without reference to the process modification or upgrading of the treatment capacity of the sewage treatment station in the town of Naqoura to 1000 cubic metres/day content.""}
```; ```json
{""classification"":""No"",""reason"":""The description refers to the implementation of the modifications and the construction of the network, but does not refer to those directly related to the measures, such as the modification of the waterwater transition label, the construction of a new two-sink, a balloon or the adaptation of the AAO biochemical pool.""}
```; The description mainly concerned the upgrading of the stormwater-sewage security, the construction of a network and the expansion of the running water plant, without any reference to the endwater wetlands of the sewage plant or the use of the wetlands to cleanse the lake water quality.; ```json
{""classification"":""No"",""reason"":""The funds mentioned in the description were used for integrated drainage rehabilitation projects, which involved the construction of networks, water plant expansion, etc., and were not related to crop restructuring.""}
```; ```json
{""classification"":""No"",""reason"":""The description deals with integrated urban drainage rehabilitation projects, including the construction of a network and the expansion of running water plants, which are not directly related to the substitution of fertilizers and green controls in the measures.""}
```; ```json
{""classification"":""No"",""reason"":""The projects referred to in the description are mainly urban for drainage and rehabilitation of the soilwater-sewage sector. They are part of the municipal infrastructure project and are not directly related to the application of agricultural technology in the measures, the construction of the high-standard farmland and the reform of agricultural water prices.""}
```; ```json
{""classification"":""No"",""reason"":""The description is mainly concerned with the rehabilitation and construction of the network, with no explicit reference to the construction of ecological belts, the management of gates or the expansion of water storage capacity.""}
```; ```json
{""classification"":""No"",""reason"":""The projects referred to in the description were mainly the modification of the soilwater-sewage sector, the original water supply project, the extension of the water plant and the re-engineering of the network, and did not mention the re-use or treatment of water for agricultural irrigation.""}
```; ```json
{""classification"":""No"",""reason"":""The projects referred to in the description relate mainly to infrastructure works such as the upgrading of the stormwater-sewage security, the construction of the network and the expansion of the water plant, and do not mention specific measures such as the installation of mobile integrated treatment facilities or the discharge of water quality above level IV.""}
```; ```json
{""classification"":""No"",""reason"":""The funds referred to in the description were used for the rehabilitation and construction of the network and did not address such elements as river drains, remediation lists and trace sources of pollution.""}
```; ```json
{""classification"":""No"",""reason"":""The description deals mainly with the upgrading of drainage systems, such as the upgrading of the stormwater-sewage network, the construction of a network and the expansion of water supply plants, and does not refer to elements directly related to the measures, such as river cleaning, garbage recovery or river inspection.""}
```; ```json
{""classification"":""No"",""reason"":""The projects referred to in the description were mainly related to the upgrading of the stormwater-sewage security, the construction of a network and the expansion of the running water plant, and did not mention the rehabilitation of the river shore, the raising of the river dykes or the enhancement of pollution interdiction capacity.""}
```; The projects referred to in the description were concentrated mainly in the rehabilitation of the stormwater-sewage network, the construction of the network, the expansion of the water plant and the retrofitting of the pumping station, and did not mention the cleaning of the river, the maintenance of the belts or the reduction of the pollution load of the sludge.; ```json
{""classification"":""No"",""reason"":""The funds referred to in the description are not directly related to the operation and maintenance of the algae-water station under the measures, such as the renovation of the Tormwater-sewage network, the construction of the network, the expansion of the water supply plant and the upgrading of the pumping station.""}
```; The projects referred to in the description were modifications of the stormwater-sewage security, network construction and extension of the water supply plant, and did not mention equipment such as mobile algae-water management devices and pressure-control algae vessels associated with emergency disposal of caanobacteria.; ```json
{""classification"":""No"",""reason"":""The funds mentioned in the description were used for drainage works such as the upgrading of the stormwater-sewage network, the construction of the network and the expansion of the water plant, without reference to manual recovery of cyanobacteria, aquatic plants or separated algae mud.""}
```; ```json
{""classification"":""No"",""reason"":""The projects referred to in the description relate mainly to the optimization of drainage systems, such as the retromwater-sewage retrofitting, the original water supply project and the extension of the water plant, and do not mention the content of the in situ controlled deep-algae well construction or the increase of the leachate.""}
```; ```json
{""classification"":""No"",""reason"":""The projects referred to in the description, which relate mainly to the rehabilitation of the soilwater-sewage sector, the construction of a network and the expansion of a running water plant, are among those for the optimization of drainage systems, without reference to bottom treatment of lakes or related ecological rehabilitation measures.""}
```",1
"Provincial grants for the construction of urban housing security projects; active adaptation to the new urban development needs of Yunnan; accelerated the integrated rehabilitation of old urban dwellings; gradual progress towards safe housing in urban residential areas, equipped with adequate facilities, efficient management and maintenance, environmental clean-up and improved housing conditions for people in need. Funds have been allocated to the relevant states and municipalities to accelerate the pace of project construction, to promote the integrated rehabilitation of old houses in towns and cities and to continuously improve housing conditions for people in need.",0,0,0,0,0,0,0,0,0,0,0,0,0,0,0,0,0,0,0,0,0,0,0,"The description refers to the use of funds for the “comprehensive rehabilitation of old housing in towns and cities to improve housing conditions for people in need” and does not mention the content of the survey of the old network, which is not directly related to the construction of the drainage network in the measures.","```json
{""classification"":""No"",""reason"":""The description refers to funds for “comprehensive rehabilitation of old dwellings in towns” and “equipment of facilities”, but it does not refer to the overhauling or use of the CCTV, QV technology and GIS systems for the waterwater management interface.""}
```","```json
{""classification"":""No"",""reason"":""The description refers to the construction of urban secure tenure projects and the integrated management of old urban dwellings, which are not directly linked to the objectives of the measures for the management of rural areas and sewage, such as the construction of a network of sewerage and drainage in rural areas.""}
```","```json
{""classification"":""No"",""reason"":""The funds mentioned in the description were used for “comprehensive rehabilitation of old dwellings in towns” and “improvement of housing conditions for people in need” and were not directly related to the emergency treatment of rural sewage and the operation of facilities in the measures.""}
```","```json
{""classification"":""No"",""reason"":""The description refers to the \""Provincial Subsidy Fund for the Construction of Urban Secure Tenure Project\"", which is used for the integrated rehabilitation of old urban dwellings, independently of measures for the decentralized treatment of sewage from rural communities.""}
```","```json
{""classification"":""No"",""reason"":""The description refers to the Provincial Subsidy Fund for the Construction of Urban Secure Tenure Projects, which is used for the “Integrated Management of Old Urban Housing” and “Improving the Housing Conditions of Poor People”, and does not address the extension or upgrading of processing capacity.""}
```","```json
{""classification"":""No"",""reason"":""The description refers to the \""Provincial Subsidy Fund for the Construction of Urban Secure Tenure Project\"" for the \""Integrated Management of Old Urban Housing\"", which includes measures such as the preparation of supporting facilities, environmental cleanliness, etc., but does not mention the core elements such as the adaptation of the waterwater regime, the construction of a second sink/air plume or the standards for tailing discharge.""}
```","```json
{""classification"":""No"",""reason"":""The description refers to funds for the “comprehensive rehabilitation of old dwellings in towns and cities and improvement of housing conditions for people in need” and does not address the construction of water tailings wetlands or the upgrading of water quality.""}
```","```json
{""classification"":""No"",""reason"":""The description refers to the use of funds for “comprehensive rehabilitation of old dwellings in towns” to “improvement of housing conditions for people in need”, and does not mention elements related to agricultural restructuring or the promotion of environmentally friendly crops.""}
```","```json
{""classification"":""No"",""reason"":""The description refers to the \""Provincial Subsidy Fund for the Construction of Urban Secure Tenure Project\"" which is used for the integrated rehabilitation and improvement of housing conditions in old dwellings, independently of the organic fertilizer substitution and the green control demonstration in the measures.""}
```","The funds described were used for urban security housing projects and for the integrated rehabilitation of old homes, not related to the application of modern agricultural technology in the measures, the construction of the high-standard farmland and the reform of agricultural water prices.","```json
{""classification"":""No"",""reason"":""The funds referred to in the description were used for the integrated rehabilitation of old dwellings in towns and cities and for the improvement of housing conditions for people in need, and did not cover such matters as the construction of belts, the management of gates or the improvement of water storage capacity.""}
```","```json
{""classification"":""No"",""reason"":""The funds mentioned in the description were used for urban secure tenure construction and the integrated rehabilitation of old dwellings, without reference to any measures related to the recycling of water resources, the construction of pumping stations or agricultural irrigation.""}
```","```json
{""classification"":""No"",""reason"":""The funds mentioned in the description were used for “comprehensive rehabilitation of old dwellings in towns” and “improvement of housing conditions for people in need”, without any reference to the elements related to water treatment facilities or the upgrading of water quality.""}
```","```json
{""classification"":""No"",""reason"":""The funds referred to in the description are not directly linked to the measures “Censorship of river drains” and the improvement of housing conditions.""}
```","```json
{""classification"":""No"",""reason"":""The description refers to “integrated rehabilitation of old dwellings in towns”, “improvement of housing conditions for people in need”, which has nothing to do with the cleaning of the riverways of the measure, the cleaning of garbage, etc.""}
```","The description refers to the ""Provincial Subsidy Fund for the Construction of Urban Secure Tenure Project"" which is used for the “Integrated Management of Old Urban Housing” and the improvement of housing conditions, not related to the riverine shore project.","The funds referred to in the description were used for “comprehensive rehabilitation of old dwellings in towns” and “improvement of housing conditions for people in need”, without reference to the siltation of rivers, emptiness or pollution load reduction.","The funds described were used for the integrated rehabilitation and improvement of old dwellings in towns, without reference to the construction of the algae-water security station or the treatment of water quality.","The funds described were used for the integrated rehabilitation and improvement of old dwellings in towns, without reference to the emergency disposal of caanobacteria or the operation of related equipment.","The funds mentioned in the description were used for “comprehensive rehabilitation of old houses in towns” and “improvement of housing conditions for people in difficulty”, and did not address such elements as the recovery of lakes, the clean-up of aquatic plants or the prevention of internal pollution.","The description refers to the use of funds for the integrated rehabilitation of old homes in towns and cities and to the improvement of housing conditions, and does not address in situ algae control, cyanobacteria governance or the improvement of aquatic ecosystems.","```json
{""classification"":""No"",""reason"":""The financial resources described were used for “comprehensive rehabilitation of old dwellings in towns” and “improvement of housing conditions for people in need” and were not directly related to the treatment of internal sources of pollution such as “basket treatment” “water ecological rehabilitation techniques” in the measures.""}
```","The description refers to the use of funds for the “comprehensive rehabilitation of old housing in towns and cities to improve housing conditions for people in need” and does not mention the content of the survey of the old network, which is not directly related to the construction of the drainage network in the measures.; ```json
{""classification"":""No"",""reason"":""The description refers to funds for “comprehensive rehabilitation of old dwellings in towns” and “equipment of facilities”, but it does not refer to the overhauling or use of the CCTV, QV technology and GIS systems for the waterwater management interface.""}
```; ```json
{""classification"":""No"",""reason"":""The description refers to the construction of urban secure tenure projects and the integrated management of old urban dwellings, which are not directly linked to the objectives of the measures for the management of rural areas and sewage, such as the construction of a network of sewerage and drainage in rural areas.""}
```; ```json
{""classification"":""No"",""reason"":""The funds mentioned in the description were used for “comprehensive rehabilitation of old dwellings in towns” and “improvement of housing conditions for people in need” and were not directly related to the emergency treatment of rural sewage and the operation of facilities in the measures.""}
```; ```json
{""classification"":""No"",""reason"":""The description refers to the \""Provincial Subsidy Fund for the Construction of Urban Secure Tenure Project\"", which is used for the integrated rehabilitation of old urban dwellings, independently of measures for the decentralized treatment of sewage from rural communities.""}
```; ```json
{""classification"":""No"",""reason"":""The description refers to the Provincial Subsidy Fund for the Construction of Urban Secure Tenure Projects, which is used for the “Integrated Management of Old Urban Housing” and “Improving the Housing Conditions of Poor People”, and does not address the extension or upgrading of processing capacity.""}
```; ```json
{""classification"":""No"",""reason"":""The description refers to the \""Provincial Subsidy Fund for the Construction of Urban Secure Tenure Project\"" for the \""Integrated Management of Old Urban Housing\"", which includes measures such as the preparation of supporting facilities, environmental cleanliness, etc., but does not mention the core elements such as the adaptation of the waterwater regime, the construction of a second sink/air plume or the standards for tailing discharge.""}
```; ```json
{""classification"":""No"",""reason"":""The description refers to funds for the “comprehensive rehabilitation of old dwellings in towns and cities and improvement of housing conditions for people in need” and does not address the construction of water tailings wetlands or the upgrading of water quality.""}
```; ```json
{""classification"":""No"",""reason"":""The description refers to the use of funds for “comprehensive rehabilitation of old dwellings in towns” to “improvement of housing conditions for people in need”, and does not mention elements related to agricultural restructuring or the promotion of environmentally friendly crops.""}
```; ```json
{""classification"":""No"",""reason"":""The description refers to the \""Provincial Subsidy Fund for the Construction of Urban Secure Tenure Project\"" which is used for the integrated rehabilitation and improvement of housing conditions in old dwellings, independently of the organic fertilizer substitution and the green control demonstration in the measures.""}
```; The funds described were used for urban security housing projects and for the integrated rehabilitation of old homes, not related to the application of modern agricultural technology in the measures, the construction of the high-standard farmland and the reform of agricultural water prices.; ```json
{""classification"":""No"",""reason"":""The funds referred to in the description were used for the integrated rehabilitation of old dwellings in towns and cities and for the improvement of housing conditions for people in need, and did not cover such matters as the construction of belts, the management of gates or the improvement of water storage capacity.""}
```; ```json
{""classification"":""No"",""reason"":""The funds mentioned in the description were used for urban secure tenure construction and the integrated rehabilitation of old dwellings, without reference to any measures related to the recycling of water resources, the construction of pumping stations or agricultural irrigation.""}
```; ```json
{""classification"":""No"",""reason"":""The funds mentioned in the description were used for “comprehensive rehabilitation of old dwellings in towns” and “improvement of housing conditions for people in need”, without any reference to the elements related to water treatment facilities or the upgrading of water quality.""}
```; ```json
{""classification"":""No"",""reason"":""The funds referred to in the description are not directly linked to the measures “Censorship of river drains” and the improvement of housing conditions.""}
```; ```json
{""classification"":""No"",""reason"":""The description refers to “integrated rehabilitation of old dwellings in towns”, “improvement of housing conditions for people in need”, which has nothing to do with the cleaning of the riverways of the measure, the cleaning of garbage, etc.""}
```; The description refers to the ""Provincial Subsidy Fund for the Construction of Urban Secure Tenure Project"" which is used for the “Integrated Management of Old Urban Housing” and the improvement of housing conditions, not related to the riverine shore project.; The funds referred to in the description were used for “comprehensive rehabilitation of old dwellings in towns” and “improvement of housing conditions for people in need”, without reference to the siltation of rivers, emptiness or pollution load reduction.; The funds described were used for the integrated rehabilitation and improvement of old dwellings in towns, without reference to the construction of the algae-water security station or the treatment of water quality.; The funds described were used for the integrated rehabilitation and improvement of old dwellings in towns, without reference to the emergency disposal of caanobacteria or the operation of related equipment.; The funds mentioned in the description were used for “comprehensive rehabilitation of old houses in towns” and “improvement of housing conditions for people in difficulty”, and did not address such elements as the recovery of lakes, the clean-up of aquatic plants or the prevention of internal pollution.; The description refers to the use of funds for the integrated rehabilitation of old homes in towns and cities and to the improvement of housing conditions, and does not address in situ algae control, cyanobacteria governance or the improvement of aquatic ecosystems.; ```json
{""classification"":""No"",""reason"":""The financial resources described were used for “comprehensive rehabilitation of old dwellings in towns” and “improvement of housing conditions for people in need” and were not directly related to the treatment of internal sources of pollution such as “basket treatment” “water ecological rehabilitation techniques” in the measures.""}
```",0
